
Gurobi 11.0.3 (win64) logging started Wed Jul 15 10:32:11 2026

Set parameter LogFile to value "Logs/gurobi.log"
Set parameter NonConvex to value 2

Gurobi 11.0.3 (win64) logging started Wed Jul 15 10:33:12 2026

Set parameter LogFile to value "Logs/gurobi.log"
Set parameter NonConvex to value 2
Set parameter TimeLimit to value 2.0906701729999622e+02
Gurobi Optimizer version 11.0.3 build v11.0.3rc0 (win64 - Windows 11+.0 (26200.2))

CPU model: 12th Gen Intel(R) Core(TM) i7-1255U, instruction set [SSE2|AVX|AVX2]
Thread count: 10 physical cores, 12 logical processors, using up to 12 threads

Academic license 2537843 - for non-commercial use only - registered to la___@ufmg.br
Optimize a model with 2551 rows, 2500 columns and 7450 nonzeros
Model fingerprint: 0x0be4f7c7
Model has 3062500 quadratic objective terms
Variable types: 0 continuous, 2500 integer (2500 binary)
Coefficient statistics:
  Matrix range     [1e+00, 1e+00]
  Objective range  [0e+00, 0e+00]
  QObjective range [3e+00, 4e+04]
  Bounds range     [1e+00, 1e+00]
  RHS range        [1e+00, 3e+00]
Found heuristic solution: objective 410081.71739
Set parameter TimeLimit to value 2.6176538649998838e+02
Gurobi Optimizer version 11.0.3 build v11.0.3rc0 (win64 - Windows 11+.0 (26200.2))

CPU model: 12th Gen Intel(R) Core(TM) i7-1255U, instruction set [SSE2|AVX|AVX2]
Thread count: 10 physical cores, 12 logical processors, using up to 12 threads

Academic license 2537843 - for non-commercial use only - registered to la___@ufmg.br
Optimize a model with 1641 rows, 1600 columns and 4760 nonzeros
Model fingerprint: 0x30744d0b
Model has 1248000 quadratic objective terms
Variable types: 0 continuous, 1600 integer (1600 binary)
Coefficient statistics:
  Matrix range     [1e+00, 1e+00]
  Objective range  [0e+00, 0e+00]
  QObjective range [1e+01, 5e+04]
  Bounds range     [1e+00, 1e+00]
  RHS range        [1e+00, 3e+00]
Found heuristic solution: objective 354592.43147

Gurobi 11.0.3 (win64) logging started Wed Jul 15 10:34:10 2026

Set parameter LogFile to value "Logs/gurobi.log"
Set parameter NonConvex to value 2
Set parameter TimeLimit to value 2.9000328140001511e+02
Gurobi Optimizer version 11.0.3 build v11.0.3rc0 (win64 - Windows 11+.0 (26200.2))

CPU model: 12th Gen Intel(R) Core(TM) i7-1255U, instruction set [SSE2|AVX|AVX2]
Thread count: 10 physical cores, 12 logical processors, using up to 12 threads

Academic license 2537843 - for non-commercial use only - registered to la___@ufmg.br
Optimize a model with 651 rows, 625 columns and 1850 nonzeros
Model fingerprint: 0xeb98ebc5
Model has 187500 quadratic objective terms
Variable types: 0 continuous, 625 integer (625 binary)
Coefficient statistics:
  Matrix range     [1e+00, 1e+00]
  Objective range  [0e+00, 0e+00]
  QObjective range [4e+01, 5e+04]
  Bounds range     [1e+00, 1e+00]
  RHS range        [1e+00, 3e+00]
Found heuristic solution: objective 400415.02628
Presolve removed 25 rows and 0 columns
Presolve time: 2.95s
Presolved: 626 rows, 625 columns, 1850 nonzeros
Presolved model has 188125 quadratic objective terms
Variable types: 0 continuous, 625 integer (625 binary)
Found heuristic solution: objective 213854.14448

Root relaxation: objective -3.835805e+06, 1018 iterations, 0.74 seconds (0.56 work units)

    Nodes    |    Current Node    |     Objective Bounds      |     Work
 Expl Unexpl |  Obj  Depth IntInf | Incumbent    BestBd   Gap | It/Node Time

     0     0    0.00000    0  457 213854.144    0.00000   100%     -    4s
H    0     0                    179569.50308    0.00000   100%     -    4s
H    0     0                    171487.59263    0.00000   100%     -    5s
     0     0    0.00000    0  457 171487.593    0.00000   100%     -    5s
     0     2    0.00000    0  457 171487.593    0.00000   100%     -    7s
Presolve removed 40 rows and 0 columns (presolve time = 38s) ...
Presolve removed 40 rows and 0 columns
Presolve time: 37.86s
Presolved: 1601 rows, 1600 columns, 4760 nonzeros
Presolved model has 1249600 quadratic objective terms
Variable types: 0 continuous, 1600 integer (1600 binary)
Found heuristic solution: objective 309717.16900

Root simplex log...

Iteration    Objective       Primal Inf.    Dual Inf.      Time
       0    0.0000000e+00   0.000000e+00   2.792411e+05     38s
    1226   -7.1603590e+06   0.000000e+00   3.555738e+03     40s
    2024   -7.1769693e+06   0.000000e+00   0.000000e+00     44s

Root relaxation: objective -7.176969e+06, 2024 iterations, 5.81 seconds (3.95 work units)

    Nodes    |    Current Node    |     Objective Bounds      |     Work
 Expl Unexpl |  Obj  Depth IntInf | Incumbent    BestBd   Gap | It/Node Time

H    0     0                    265567.54062    0.00000   100%     -   44s
H    0     0                    203485.41736    0.00000   100%     -   44s
     0     0    0.00000    0  784 203485.417    0.00000   100%     -   44s
H    0     0                    184550.91367    0.00000   100%     -   45s
    55    57    0.00000    5  457 171487.593    0.00000   100%  29.7   18s
    55    57    0.00000    5  114 171487.593    0.00000   100%  29.7   21s
     0     0    0.00000    0  784 184550.914    0.00000   100%     -   52s
    55    57    0.00000    5   73 171487.593    0.00000   100%  29.7   29s
H   55    54                    167685.72275    0.00000   100%  29.7   33s
    55    54    0.00000    5   66 167685.723    0.00000   100%  29.7   36s

Gurobi 11.0.3 (win64) logging started Wed Jul 15 10:34:59 2026

Set parameter LogFile to value "Logs/gurobi.log"
Set parameter NonConvex to value 2
    56    58    0.00000   25   75 167685.723    0.00000   100%   196   41s
Presolve removed 50 rows and 0 columns (presolve time = 82s) ...
Presolve removed 50 rows and 0 columns
Presolve time: 82.04s
Presolved: 2501 rows, 2500 columns, 7450 nonzeros
Presolved model has 3065000 quadratic objective terms
Variable types: 0 continuous, 2500 integer (2500 binary)
Found heuristic solution: objective 368057.87106

Root simplex log...

Iteration    Objective       Primal Inf.    Dual Inf.      Time
       0    0.0000000e+00   0.000000e+00   4.221015e+05     86s
    70    75   38.00561   28  110 167685.723    0.00000   100%   253   47s
H   90    86                    167075.24272  827.87931   100%   283   49s
H   93    82                    164939.25018  827.87931  99.5%   281   49s
   132   112 1657.35490   33   94 164939.250  827.87931  99.5%   234   50s
H  141   107                    164101.20969  827.87931  99.5%   223   50s
H  142   104                    162504.93809  827.87931  99.5%   222   50s
Set parameter TimeLimit to value 2.8693506469996646e+02
Gurobi Optimizer version 11.0.3 build v11.0.3rc0 (win64 - Windows 11+.0 (26200.2))

CPU model: 12th Gen Intel(R) Core(TM) i7-1255U, instruction set [SSE2|AVX|AVX2]
Thread count: 10 physical cores, 12 logical processors, using up to 12 threads

Academic license 2537843 - for non-commercial use only - registered to la___@ufmg.br
Optimize a model with 651 rows, 625 columns and 1850 nonzeros
Model fingerprint: 0xeb98ebc5
Model has 187500 quadratic objective terms
Variable types: 0 continuous, 625 integer (625 binary)
Coefficient statistics:
  Matrix range     [1e+00, 1e+00]
  Objective range  [0e+00, 0e+00]
  QObjective range [4e+01, 5e+04]
  Bounds range     [1e+00, 1e+00]
  RHS range        [1e+00, 3e+00]
Found heuristic solution: objective 400415.02628
    1694   -9.2368654e+06   0.000000e+00   9.465039e+03     90s
H  190   144                    157580.33244  827.87931  99.5%   183   52s
   331   263 4526.37044   41   96 157580.332  827.87931  99.5%   126   55s
Presolve removed 25 rows and 0 columns
Presolve time: 4.50s
Presolved: 626 rows, 625 columns, 1850 nonzeros
Presolved model has 188125 quadratic objective terms
Variable types: 0 continuous, 625 integer (625 binary)
Found heuristic solution: objective 213854.14448

Root simplex log...

Iteration    Objective       Primal Inf.    Dual Inf.      Time
     818   -3.8545626e+06   0.000000e+00   4.079032e+01      5s
    2461   -9.2897134e+06   0.000000e+00   7.912425e+02     95s
    1018   -3.8358048e+06   0.000000e+00   0.000000e+00      6s

Root relaxation: objective -3.835805e+06, 1018 iterations, 1.02 seconds (0.56 work units)

    Nodes    |    Current Node    |     Objective Bounds      |     Work
 Expl Unexpl |  Obj  Depth IntInf | Incumbent    BestBd   Gap | It/Node Time

     0     0    0.00000    0  457 213854.144    0.00000   100%     -    6s
H    0     0                    179569.50308    0.00000   100%     -    6s
H    0     0                    171487.59263    0.00000   100%     -    8s
     0     0    0.00000    0  457 171487.593    0.00000   100%     -    8s
   395   348 5957.38904   49   83 157580.332  827.87931  99.5%   113   60s
    2904   -9.2912336e+06   0.000000e+00   1.268267e+01    100s
     0     2    0.00000    0  457 171487.593    0.00000   100%     -   12s
    3092   -9.2879800e+06   2.987537e+02   0.000000e+00    105s
     7    16    0.00000    3  455 171487.593    0.00000   100%  35.0   15s
    45    56    0.00000    7  451 171487.593    0.00000   100%  33.3   20s
    3203   -9.2822674e+06   1.825673e+01   0.000000e+00    114s
    3245   -9.2822600e+06   0.000000e+00   0.000000e+00    121s

Root relaxation: objective -9.282260e+06, 3245 iterations, 36.84 seconds (12.37 work units)
H    0     0                    174903.89501    0.00000   100%     -  114s

    Nodes    |    Current Node    |     Objective Bounds      |     Work
 Expl Unexpl |  Obj  Depth IntInf | Incumbent    BestBd   Gap | It/Node Time

H    0     0                    304514.82387    0.00000   100%     -  126s
H    0     0                    196951.42803    0.00000   100%     -  126s
     0     0    0.00000    0 1044 196951.428    0.00000   100%     -  128s
     0     2    0.00000    0  784 174903.895    0.00000   100%     -  122s
     1     4    0.00000    1  776 174903.895    0.00000   100%  19.0  136s
     3     8    0.00000    2  777 174903.895    0.00000   100%  63.0  140s
   568   446 43621.0170   59   68 157580.332  827.87931  99.5%  95.4  124s
H  570   446                    155619.29711  827.87931  99.5%  96.1  124s
H  573   446                    153017.51929  827.87931  99.5%  96.0  124s
     7    16    0.00000    3  781 174903.895    0.00000   100%  56.1  163s
    55    57    0.00000    5  457 171487.593    0.00000   100%  29.7   83s
   586   456 42345.3386   59   76 153017.519  827.87931  99.5%  95.7  137s
H  587   456                    152189.44090  827.87931  99.5%  95.6  137s
   596   535 42595.3314   60   76 152189.441  827.87931  99.5%  94.8  140s
   797   714 103256.817   77   31 152189.441  827.87931  99.5%  82.0  145s
  1045   850 29126.2041   30   72 152189.441 1186.59547  99.2%  71.1  151s
    55    57    0.00000    5   59 171487.593    0.00000   100%  29.7  104s
  1275  1011 31051.6454   38   84 152189.441 1186.59547  99.2%  64.4  156s
  1548  1155 122250.988   62   68 152189.441 4553.44323  97.0%  59.5  162s
  1648  1182 19749.5119   32   86 152189.441 5661.16944  96.3%  58.8  166s
    15    26    0.00000    4  780 174903.895    0.00000   100%  76.8  198s
  1885  1389 34849.9857   43   69 152189.441 7088.09307  95.3%  56.1  172s
    55    57    0.00000    5  114 171487.593    0.00000   100%  29.7  123s
  2079  1483 47293.7298   49   62 152189.441 9453.10042  93.8%  53.4  175s
    55    57    0.00000    5   55 171487.593    0.00000   100%  29.7  128s
    55    57    0.00000    5   65 171487.593    0.00000   100%  29.7  131s
    55    57    0.00000    5   73 171487.593    0.00000   100%  29.7  135s
H   55    54                    167685.72275    0.00000   100%  29.7  137s
     0     0    0.00000    0 1044 196951.428    0.00000   100%     -  229s

Explored 1 nodes (3245 simplex iterations) in 230.22 seconds (51.51 work units)
Thread count was 12 (of 12 available processors)

Solution count 4: 196951 304515 368058 410082 

Time limit reached
Best objective 1.969514280294e+05, best bound 0.000000000000e+00, gap 100.0000%
    55    54    0.00000    5   66 167685.723    0.00000   100%  29.7  140s
    56    58    0.00000   25   75 167685.723    0.00000   100%   196  145s
    70    75   38.00561   28  110 167685.723    0.00000   100%   253  151s
H   90    86                    167075.24272  827.87931   100%   283  154s
H   93    82                    164939.25018  827.87931  99.5%   281  155s
H  141   107                    164101.20969  827.87931  99.5%   223  155s
H  142   104                    162504.93809  827.87931  99.5%   222  155s
H  190   144                    157580.33244  827.87931  99.5%   183  156s
  2488  1597 94659.4466   65  457 152189.441 10437.0982  93.1%  49.9  210s
   385   306 5867.49656   48   81 157580.332  827.87931  99.5%   115  161s
  2498  1607 10437.0982   35   88 152189.441 10437.0982  93.1%  52.7  215s
  2579  1670 21923.8320   41   68 152189.441 10437.0982  93.1%  55.3  220s
  2772  1744 27562.8477   49   51 152189.441 10437.0982  93.1%  55.4  226s
  2824  1780 75657.5767   53   34 152189.441 10437.0982  93.1%  55.9  230s

Explored 25 nodes (3962 simplex iterations) in 263.03 seconds (49.30 work units)
Thread count was 12 (of 12 available processors)

Solution count 6: 174904 184551 203485 ... 354592

Time limit reached
Best objective 1.749038950076e+05, best bound 0.000000000000e+00, gap 100.0000%
  3384  2053 10437.0982   43   89 152189.441 10437.0982  93.1%  53.5  235s
   568   446 43621.0170   59   68 157580.332  827.87931  99.5%  95.4  183s
H  570   446                    155619.29711  827.87931  99.5%  96.1  183s
H  573   446                    153017.51929  827.87931  99.5%  96.0  183s
  4036  2252 10437.0982   56   85 152189.441 10437.0982  93.1%  52.6  240s
   586   456 42345.3386   59   76 153017.519  827.87931  99.5%  95.7  190s
H  587   456                    152189.44090  827.87931  99.5%  95.6  190s
  4958  2677 10437.0982   72  107 152189.441 10437.0982  93.1%  51.8  245s
  1139   962 29535.7437   33   65 152189.441 1186.59547  99.2%  68.7  195s
  6116  2888 28408.1638   95   70 152189.441 10437.0982  93.1%  49.0  251s
  1885  1389 34849.9857   43   69 152189.441 7088.09307  95.3%  56.1  200s
  6888  3322 10437.0982   61  100 152189.441 10437.0982  93.1%  48.4  255s
  8681  4147 infeasible   73      152189.441 10437.0982  93.1%  46.0  260s
 10468  4907     cutoff   67      152189.441 10479.6294  93.1%  44.2  267s
 10481  5090 64015.4734   68   48 152189.441 10847.3083  92.9%  44.2  270s
  2488  1597 94659.4466   65  457 152189.441 10437.0982  93.1%  49.9  223s
 12064  6003 29871.9297   43   50 152189.441 12621.4945  91.7%  42.3  275s
  2490  1598 38462.2101   43   61 152189.441 10437.0982  93.1%  49.8  225s
 13997  6619 85448.0148   83   50 152189.441 13536.9655  91.1%  40.3  281s
  2495  1602 29992.4515   39   95 152189.441 10437.0982  93.1%  49.7  231s
 14749  7286 143170.676   96   10 152189.441 14857.5837  90.2%  39.6  288s
 15465  7373 83555.7925   99   78 152189.441 15628.0309  89.7%  38.9  290s

Cutting planes:
  Implied bound: 250
  MIR: 6
  RLT: 17

Explored 15658 nodes (607986 simplex iterations) in 290.20 seconds (85.19 work units)
Thread count was 12 (of 12 available processors)

Solution count 10: 152189 153018 155619 ... 171488

Time limit reached
Best objective 1.521894409024e+05, best bound 1.563291261767e+04, gap 89.7280%
  2498  1607 10437.0982   35   88 152189.441 10437.0982  93.1%  52.7  238s
  2504  1617 10437.0982   37  102 152189.441 10437.0982  93.1%  53.4  240s
  2565  1663 10437.0982   41   94 152189.441 10437.0982  93.1%  55.1  245s
  2674  1705 63196.1944   44   41 152189.441 10437.0982  93.1%  55.4  250s
  2772  1744 27562.8477   49   51 152189.441 10437.0982  93.1%  55.4  259s
  2782  1760 51857.4918   49   49 152189.441 10437.0982  93.1%  55.6  260s
  2824  1780 75657.5767   53   34 152189.441 10437.0982  93.1%  55.9  265s
  2976  1890 29902.4367   60   57 152189.441 10437.0982  93.1%  55.8  270s
  3384  2053 10437.0982   43   89 152189.441 10437.0982  93.1%  53.5  275s
  3795  2161 37130.7240   50   71 152189.441 10437.0982  93.1%  53.0  280s
  4249  2383 23189.4638   60   73 152189.441 10437.0982  93.1%  53.2  285s

Cutting planes:
  Implied bound: 250
  MIR: 6
  RLT: 17

Explored 4512 nodes (239421 simplex iterations) in 287.01 seconds (62.11 work units)
Thread count was 12 (of 12 available processors)

Solution count 10: 152189 153018 155619 ... 171488

Time limit reached
Best objective 1.521894409024e+05, best bound 1.043709820241e+04, gap 93.1420%

Gurobi 11.0.3 (win64) logging started Wed Jul 15 10:55:21 2026

Set parameter LogFile to value "Logs/gurobi.log"
Set parameter TimeLimit to value 2.9904974200000288e+02
Gurobi Optimizer version 11.0.3 build v11.0.3rc0 (win64 - Windows 11+.0 (26200.2))

CPU model: 12th Gen Intel(R) Core(TM) i7-1255U, instruction set [SSE2|AVX|AVX2]
Thread count: 10 physical cores, 12 logical processors, using up to 12 threads

Academic license 2537843 - for non-commercial use only - registered to la___@ufmg.br
Optimize a model with 15581 rows, 152020 columns and 471220 nonzeros
Model fingerprint: 0xe20601f4
Variable types: 0 continuous, 152020 integer (152020 binary)
Coefficient statistics:
  Matrix range     [1e+00, 1e+00]
  Objective range  [1e+01, 2e+04]
  Bounds range     [1e+00, 1e+00]
  RHS range        [1e+00, 3e+00]
Found heuristic solution: objective 292862.13961
Presolve time: 0.49s
Presolved: 15581 rows, 152020 columns, 471220 nonzeros
Variable types: 0 continuous, 152020 integer (152020 binary)
Found heuristic solution: objective 199393.78062
Deterministic concurrent LP optimizer: primal and dual simplex
Showing primal log only...

Concurrent spin time: 0.16s (can be avoided by choosing Method=3)

Solved with dual simplex

Root relaxation: objective 1.417715e+05, 4868 iterations, 1.10 seconds (0.74 work units)

    Nodes    |    Current Node    |     Objective Bounds      |     Work
 Expl Unexpl |  Obj  Depth IntInf | Incumbent    BestBd   Gap | It/Node Time

*    0     0               0    141771.52378 141771.524  0.00%     -    1s

Explored 1 nodes (4868 simplex iterations) in 1.91 seconds (1.48 work units)
Thread count was 12 (of 12 available processors)

Solution count 3: 141772 199394 292862 

Optimal solution found (tolerance 1.00e-04)
Best objective 1.417715237824e+05, best bound 1.417715237824e+05, gap 0.0000%

Gurobi 11.0.3 (win64) logging started Wed Jul 15 10:57:48 2026

Set parameter LogFile to value "Logs/gurobi.log"
Set parameter TimeLimit to value 2.9904582430003211e+02
Gurobi Optimizer version 11.0.3 build v11.0.3rc0 (win64 - Windows 11+.0 (26200.2))

CPU model: 12th Gen Intel(R) Core(TM) i7-1255U, instruction set [SSE2|AVX|AVX2]
Thread count: 10 physical cores, 12 logical processors, using up to 12 threads

Academic license 2537843 - for non-commercial use only - registered to la___@ufmg.br
Optimize a model with 15581 rows, 152020 columns and 471220 nonzeros
Model fingerprint: 0xe20601f4
Variable types: 0 continuous, 152020 integer (152020 binary)
Coefficient statistics:
  Matrix range     [1e+00, 1e+00]
  Objective range  [1e+01, 2e+04]
  Bounds range     [1e+00, 1e+00]
  RHS range        [1e+00, 3e+00]
Found heuristic solution: objective 292862.13961
Presolve time: 0.49s
Presolved: 15581 rows, 152020 columns, 471220 nonzeros
Variable types: 0 continuous, 152020 integer (152020 binary)
Found heuristic solution: objective 199393.78062
Deterministic concurrent LP optimizer: primal and dual simplex
Showing primal log only...

Concurrent spin time: 0.10s

Solved with dual simplex

Root relaxation: objective 1.417715e+05, 4868 iterations, 0.91 seconds (0.74 work units)

    Nodes    |    Current Node    |     Objective Bounds      |     Work
 Expl Unexpl |  Obj  Depth IntInf | Incumbent    BestBd   Gap | It/Node Time

*    0     0               0    141771.52378 141771.524  0.00%     -    1s

Explored 1 nodes (4868 simplex iterations) in 1.75 seconds (1.48 work units)
Thread count was 12 (of 12 available processors)

Solution count 3: 141772 199394 292862 

Optimal solution found (tolerance 1.00e-04)
Best objective 1.417715237824e+05, best bound 1.417715237824e+05, gap 0.0000%

Gurobi 11.0.3 (win64) logging started Wed Jul 15 10:59:20 2026

Set parameter LogFile to value "Logs/gurobi.log"
Set parameter TimeLimit to value 2.9916967939998722e+02
Gurobi Optimizer version 11.0.3 build v11.0.3rc0 (win64 - Windows 11+.0 (26200.2))

CPU model: 12th Gen Intel(R) Core(TM) i7-1255U, instruction set [SSE2|AVX|AVX2]
Thread count: 10 physical cores, 12 logical processors, using up to 12 threads

Academic license 2537843 - for non-commercial use only - registered to la___@ufmg.br
Optimize a model with 15581 rows, 152020 columns and 471220 nonzeros
Model fingerprint: 0xe20601f4
Variable types: 0 continuous, 152020 integer (152020 binary)
Coefficient statistics:
  Matrix range     [1e+00, 1e+00]
  Objective range  [1e+01, 2e+04]
  Bounds range     [1e+00, 1e+00]
  RHS range        [1e+00, 3e+00]
Found heuristic solution: objective 292862.13961
Presolve time: 0.41s
Presolved: 15581 rows, 152020 columns, 471220 nonzeros
Variable types: 0 continuous, 152020 integer (152020 binary)
Found heuristic solution: objective 199393.78062
Deterministic concurrent LP optimizer: primal and dual simplex
Showing primal log only...

Concurrent spin time: 0.12s (can be avoided by choosing Method=3)

Solved with dual simplex

Root relaxation: objective 1.417715e+05, 4868 iterations, 0.88 seconds (0.74 work units)

    Nodes    |    Current Node    |     Objective Bounds      |     Work
 Expl Unexpl |  Obj  Depth IntInf | Incumbent    BestBd   Gap | It/Node Time

*    0     0               0    141771.52378 141771.524  0.00%     -    1s

Explored 1 nodes (4868 simplex iterations) in 1.57 seconds (1.48 work units)
Thread count was 12 (of 12 available processors)

Solution count 3: 141772 199394 292862 

Optimal solution found (tolerance 1.00e-04)
Best objective 1.417715237824e+05, best bound 1.417715237824e+05, gap 0.0000%

Gurobi 11.0.3 (win64) logging started Wed Jul 15 11:02:21 2026

Set parameter LogFile to value "Logs/gurobi.log"
Set parameter TimeLimit to value 2.9900836070004152e+02
Gurobi Optimizer version 11.0.3 build v11.0.3rc0 (win64 - Windows 11+.0 (26200.2))

CPU model: 12th Gen Intel(R) Core(TM) i7-1255U, instruction set [SSE2|AVX|AVX2]
Thread count: 10 physical cores, 12 logical processors, using up to 12 threads

Academic license 2537843 - for non-commercial use only - registered to la___@ufmg.br
Optimize a model with 15581 rows, 152020 columns and 471220 nonzeros
Model fingerprint: 0xe20601f4
Variable types: 0 continuous, 152020 integer (152020 binary)
Coefficient statistics:
  Matrix range     [1e+00, 1e+00]
  Objective range  [1e+01, 2e+04]
  Bounds range     [1e+00, 1e+00]
  RHS range        [1e+00, 3e+00]
Found heuristic solution: objective 292862.13961
Presolve time: 0.41s
Presolved: 15581 rows, 152020 columns, 471220 nonzeros
Variable types: 0 continuous, 152020 integer (152020 binary)
Found heuristic solution: objective 199393.78062
Deterministic concurrent LP optimizer: primal and dual simplex
Showing primal log only...

Concurrent spin time: 0.13s (can be avoided by choosing Method=3)

Solved with dual simplex

Root relaxation: objective 1.417715e+05, 4868 iterations, 1.05 seconds (0.74 work units)

    Nodes    |    Current Node    |     Objective Bounds      |     Work
 Expl Unexpl |  Obj  Depth IntInf | Incumbent    BestBd   Gap | It/Node Time

*    0     0               0    141771.52378 141771.524  0.00%     -    1s

Explored 1 nodes (4868 simplex iterations) in 1.79 seconds (1.48 work units)
Thread count was 12 (of 12 available processors)

Solution count 3: 141772 199394 292862 

Optimal solution found (tolerance 1.00e-04)
Best objective 1.417715237824e+05, best bound 1.417715237824e+05, gap 0.0000%

Gurobi 11.0.3 (win64) logging started Wed Jul 15 11:06:16 2026

Set parameter LogFile to value "Logs/gurobi.log"
Set parameter TimeLimit to value 298.706911199959
Gurobi Optimizer version 11.0.3 build v11.0.3rc0 (win64 - Windows 11+.0 (26200.2))

CPU model: 12th Gen Intel(R) Core(TM) i7-1255U, instruction set [SSE2|AVX|AVX2]
Thread count: 10 physical cores, 12 logical processors, using up to 12 threads

Academic license 2537843 - for non-commercial use only - registered to la___@ufmg.br
Optimize a model with 15581 rows, 152020 columns and 471220 nonzeros
Model fingerprint: 0xe20601f4
Variable types: 0 continuous, 152020 integer (152020 binary)
Coefficient statistics:
  Matrix range     [1e+00, 1e+00]
  Objective range  [1e+01, 2e+04]
  Bounds range     [1e+00, 1e+00]
  RHS range        [1e+00, 3e+00]
Found heuristic solution: objective 292862.13961
Presolve time: 0.56s
Presolved: 15581 rows, 152020 columns, 471220 nonzeros
Variable types: 0 continuous, 152020 integer (152020 binary)
Found heuristic solution: objective 199393.78062
Deterministic concurrent LP optimizer: primal and dual simplex
Showing primal log only...

Concurrent spin time: 0.16s (can be avoided by choosing Method=3)

Solved with dual simplex

Root relaxation: objective 1.417715e+05, 4868 iterations, 1.04 seconds (0.74 work units)

    Nodes    |    Current Node    |     Objective Bounds      |     Work
 Expl Unexpl |  Obj  Depth IntInf | Incumbent    BestBd   Gap | It/Node Time

*    0     0               0    141771.52378 141771.524  0.00%     -    1s

Explored 1 nodes (4868 simplex iterations) in 1.95 seconds (1.48 work units)
Thread count was 12 (of 12 available processors)

Solution count 3: 141772 199394 292862 

Optimal solution found (tolerance 1.00e-04)
Best objective 1.417715237824e+05, best bound 1.417715237824e+05, gap 0.0000%

Gurobi 11.0.3 (win64) logging started Wed Jul 15 11:13:35 2026

Set parameter LogFile to value "Logs/gurobi.log"
Set parameter TimeLimit to value 2.9901047580002341e+02
Gurobi Optimizer version 11.0.3 build v11.0.3rc0 (win64 - Windows 11+.0 (26200.2))

CPU model: 12th Gen Intel(R) Core(TM) i7-1255U, instruction set [SSE2|AVX|AVX2]
Thread count: 10 physical cores, 12 logical processors, using up to 12 threads

Academic license 2537843 - for non-commercial use only - registered to la___@ufmg.br
Optimize a model with 15581 rows, 152020 columns and 471220 nonzeros
Model fingerprint: 0xe20601f4
Variable types: 0 continuous, 152020 integer (152020 binary)
Coefficient statistics:
  Matrix range     [1e+00, 1e+00]
  Objective range  [1e+01, 2e+04]
  Bounds range     [1e+00, 1e+00]
  RHS range        [1e+00, 3e+00]
Found heuristic solution: objective 292862.13961
Presolve time: 0.51s
Presolved: 15581 rows, 152020 columns, 471220 nonzeros
Variable types: 0 continuous, 152020 integer (152020 binary)
Found heuristic solution: objective 199393.78062
Deterministic concurrent LP optimizer: primal and dual simplex
Showing primal log only...

Concurrent spin time: 0.11s (can be avoided by choosing Method=3)

Solved with dual simplex

Root relaxation: objective 1.417715e+05, 4868 iterations, 0.95 seconds (0.74 work units)

    Nodes    |    Current Node    |     Objective Bounds      |     Work
 Expl Unexpl |  Obj  Depth IntInf | Incumbent    BestBd   Gap | It/Node Time

*    0     0               0    141771.52378 141771.524  0.00%     -    1s

Explored 1 nodes (4868 simplex iterations) in 1.77 seconds (1.48 work units)
Thread count was 12 (of 12 available processors)

Solution count 3: 141772 199394 292862 

Optimal solution found (tolerance 1.00e-04)
Best objective 1.417715237824e+05, best bound 1.417715237824e+05, gap 0.0000%

Gurobi 11.0.3 (win64) logging started Wed Jul 15 11:20:15 2026

Set parameter LogFile to value "Logs/gurobi.log"
Set parameter NonConvex to value 2
Set parameter TimeLimit to value 299.933976100001
Gurobi Optimizer version 11.0.3 build v11.0.3rc0 (win64 - Windows 11+.0 (26200.2))

CPU model: 12th Gen Intel(R) Core(TM) i7-1255U, instruction set [SSE2|AVX|AVX2]
Thread count: 10 physical cores, 12 logical processors, using up to 12 threads

Academic license 2537843 - for non-commercial use only - registered to la___@ufmg.br
Optimize a model with 111 rows, 100 columns and 290 nonzeros
Model fingerprint: 0x5d85a80e
Model has 4500 quadratic objective terms
Variable types: 0 continuous, 100 integer (100 binary)
Coefficient statistics:
  Matrix range     [1e+00, 1e+00]
  Objective range  [0e+00, 0e+00]
  QObjective range [4e+02, 9e+04]
  Bounds range     [1e+00, 1e+00]
  RHS range        [1e+00, 2e+00]
Found heuristic solution: objective 238059.15583
Presolve removed 10 rows and 0 columns
Presolve time: 0.03s
Presolved: 101 rows, 100 columns, 290 nonzeros
Presolved model has 4600 quadratic objective terms
Variable types: 0 continuous, 100 integer (100 binary)
Found heuristic solution: objective 168671.17564

Root relaxation: objective -9.841853e+05, 162 iterations, 0.00 seconds (0.00 work units)

    Nodes    |    Current Node    |     Objective Bounds      |     Work
 Expl Unexpl |  Obj  Depth IntInf | Incumbent    BestBd   Gap | It/Node Time

     0     0    0.00000    0   95 168671.176    0.00000   100%     -    0s
     0     0    0.00000    0   95 168671.176    0.00000   100%     -    0s
     0     2    0.00000    0   95 168671.176    0.00000   100%     -    0s
H   84    83                    162980.46960    0.00000   100%  16.7    0s
H  145   109                    150353.52405    0.00000   100%  15.4    0s
H  166   109                    149467.61524    0.00000   100%  14.8    0s

Cutting planes:
  Gomory: 4
  Implied bound: 47
  MIR: 39
  RLT: 22

Explored 746 nodes (10647 simplex iterations) in 0.60 seconds (0.59 work units)
Thread count was 12 (of 12 available processors)

Solution count 5: 149468 150354 162980 ... 238059

Optimal solution found (tolerance 1.00e-04)
Best objective 1.494676152408e+05, best bound 1.494676152408e+05, gap 0.0000%

Gurobi 11.0.3 (win64) logging started Wed Jul 15 11:21:20 2026

Set parameter LogFile to value "Logs/gurobi.log"
Set parameter NonConvex to value 2
Set parameter TimeLimit to value 2.9991820129996631e+02
Gurobi Optimizer version 11.0.3 build v11.0.3rc0 (win64 - Windows 11+.0 (26200.2))

CPU model: 12th Gen Intel(R) Core(TM) i7-1255U, instruction set [SSE2|AVX|AVX2]
Thread count: 10 physical cores, 12 logical processors, using up to 12 threads

Academic license 2537843 - for non-commercial use only - registered to la___@ufmg.br
Optimize a model with 111 rows, 100 columns and 290 nonzeros
Model fingerprint: 0x4eb819e3
Model has 4500 quadratic objective terms
Variable types: 0 continuous, 100 integer (100 binary)
Coefficient statistics:
  Matrix range     [1e+00, 1e+00]
  Objective range  [0e+00, 0e+00]
  QObjective range [4e+02, 9e+04]
  Bounds range     [1e+00, 1e+00]
  RHS range        [1e+00, 3e+00]
Found heuristic solution: objective 241961.34066
Presolve removed 10 rows and 0 columns
Presolve time: 0.06s
Presolved: 101 rows, 100 columns, 290 nonzeros
Presolved model has 4600 quadratic objective terms
Variable types: 0 continuous, 100 integer (100 binary)
Found heuristic solution: objective 170507.69028

Root relaxation: objective -9.818584e+05, 174 iterations, 0.00 seconds (0.00 work units)

    Nodes    |    Current Node    |     Objective Bounds      |     Work
 Expl Unexpl |  Obj  Depth IntInf | Incumbent    BestBd   Gap | It/Node Time

     0     0    0.00000    0   91 170507.690    0.00000   100%     -    0s
H    0     0                    145444.52939    0.00000   100%     -    0s
H    0     0                    144094.62841    0.00000   100%     -    0s
     0     0    0.00000    0   91 144094.628    0.00000   100%     -    0s
     0     2    0.00000    0   91 144094.628    0.00000   100%     -    0s
H  265   191                    136230.62885 13019.3469  90.4%   9.4    0s
H  414   255                    120969.75180 16585.2247  86.3%  12.4    0s
H  514   219                    120190.08979 16585.2247  86.2%  11.9    0s

Cutting planes:
  Gomory: 7
  Implied bound: 51
  MIR: 37
  Inf proof: 2
  RLT: 28
  Relax-and-lift: 5

Explored 2293 nodes (24819 simplex iterations) in 0.90 seconds (0.72 work units)
Thread count was 12 (of 12 available processors)

Solution count 7: 120190 120970 136231 ... 241961

Optimal solution found (tolerance 1.00e-04)
Best objective 1.201900897911e+05, best bound 1.201900897911e+05, gap 0.0000%

Gurobi 11.0.3 (win64) logging started Wed Jul 15 11:22:13 2026

Set parameter LogFile to value "Logs/gurobi.log"
Set parameter NonConvex to value 2
Set parameter TimeLimit to value 2.9994711000000825e+02
Gurobi Optimizer version 11.0.3 build v11.0.3rc0 (win64 - Windows 11+.0 (26200.2))

CPU model: 12th Gen Intel(R) Core(TM) i7-1255U, instruction set [SSE2|AVX|AVX2]
Thread count: 10 physical cores, 12 logical processors, using up to 12 threads

Academic license 2537843 - for non-commercial use only - registered to la___@ufmg.br
Optimize a model with 111 rows, 100 columns and 290 nonzeros
Model fingerprint: 0x4eb819e3
Model has 4500 quadratic objective terms
Variable types: 0 continuous, 100 integer (100 binary)
Coefficient statistics:
  Matrix range     [1e+00, 1e+00]
  Objective range  [0e+00, 0e+00]
  QObjective range [4e+02, 9e+04]
  Bounds range     [1e+00, 1e+00]
  RHS range        [1e+00, 3e+00]
Found heuristic solution: objective 241961.34066
Presolve removed 10 rows and 0 columns
Presolve time: 0.04s
Presolved: 101 rows, 100 columns, 290 nonzeros
Presolved model has 4600 quadratic objective terms
Variable types: 0 continuous, 100 integer (100 binary)
Found heuristic solution: objective 170507.69028

Root relaxation: objective -9.818584e+05, 174 iterations, 0.00 seconds (0.00 work units)

    Nodes    |    Current Node    |     Objective Bounds      |     Work
 Expl Unexpl |  Obj  Depth IntInf | Incumbent    BestBd   Gap | It/Node Time

     0     0    0.00000    0   91 170507.690    0.00000   100%     -    0s
H    0     0                    145444.52939    0.00000   100%     -    0s
H    0     0                    144094.62841    0.00000   100%     -    0s
     0     0    0.00000    0   91 144094.628    0.00000   100%     -    0s
     0     2    0.00000    0   91 144094.628    0.00000   100%     -    0s
H  265   191                    136230.62885 13019.3469  90.4%   9.4    1s
H  414   255                    120969.75180 16585.2247  86.3%  12.4    1s
H  514   219                    120190.08979 16585.2247  86.2%  11.9    1s

Cutting planes:
  Gomory: 7
  Implied bound: 51
  MIR: 37
  Inf proof: 2
  RLT: 28
  Relax-and-lift: 5

Explored 2293 nodes (24819 simplex iterations) in 1.45 seconds (0.72 work units)
Thread count was 12 (of 12 available processors)

Solution count 7: 120190 120970 136231 ... 241961

Optimal solution found (tolerance 1.00e-04)
Best objective 1.201900897911e+05, best bound 1.201900897911e+05, gap 0.0000%

Gurobi 11.0.3 (win64) logging started Wed Jul 15 11:22:14 2026

Set parameter LogFile to value "Logs/gurobi.log"
Set parameter TimeLimit to value 2.9993296280002687e+02
Gurobi Optimizer version 11.0.3 build v11.0.3rc0 (win64 - Windows 11+.0 (26200.2))

CPU model: 12th Gen Intel(R) Core(TM) i7-1255U, instruction set [SSE2|AVX|AVX2]
Thread count: 10 physical cores, 12 logical processors, using up to 12 threads

Academic license 2537843 - for non-commercial use only - registered to la___@ufmg.br
Optimize a model with 1891 rows, 9010 columns and 28810 nonzeros
Model fingerprint: 0xa666785f
Variable types: 0 continuous, 9010 integer (9010 binary)
Coefficient statistics:
  Matrix range     [1e+00, 1e+00]
  Objective range  [9e+01, 3e+04]
  Bounds range     [1e+00, 1e+00]
  RHS range        [1e+00, 3e+00]
Found heuristic solution: objective 244636.05670
Presolve time: 0.02s
Presolved: 1891 rows, 9010 columns, 28810 nonzeros
Variable types: 0 continuous, 9010 integer (9010 binary)
Found heuristic solution: objective 170508.67080

Root relaxation: objective 1.174477e+05, 789 iterations, 0.02 seconds (0.03 work units)

    Nodes    |    Current Node    |     Objective Bounds      |     Work
 Expl Unexpl |  Obj  Depth IntInf | Incumbent    BestBd   Gap | It/Node Time

*    0     0               0    117447.69105 117447.691  0.00%     -    0s

Explored 1 nodes (789 simplex iterations) in 0.06 seconds (0.06 work units)
Thread count was 12 (of 12 available processors)

Solution count 3: 117448 170509 244636 

Optimal solution found (tolerance 1.00e-04)
Best objective 1.174476910458e+05, best bound 1.174476910458e+05, gap 0.0000%

Gurobi 11.0.3 (win64) logging started Wed Jul 15 11:22:19 2026

Set parameter LogFile to value "Logs/gurobi.log"
Set parameter NonConvex to value 2
Set parameter TimeLimit to value 2.9994712930003880e+02
Gurobi Optimizer version 11.0.3 build v11.0.3rc0 (win64 - Windows 11+.0 (26200.2))

CPU model: 12th Gen Intel(R) Core(TM) i7-1255U, instruction set [SSE2|AVX|AVX2]
Thread count: 10 physical cores, 12 logical processors, using up to 12 threads

Academic license 2537843 - for non-commercial use only - registered to la___@ufmg.br
Optimize a model with 111 rows, 100 columns and 290 nonzeros
Model fingerprint: 0x4eb819e3
Model has 4500 quadratic objective terms
Variable types: 0 continuous, 100 integer (100 binary)
Coefficient statistics:
  Matrix range     [1e+00, 1e+00]
  Objective range  [0e+00, 0e+00]
  QObjective range [4e+02, 9e+04]
  Bounds range     [1e+00, 1e+00]
  RHS range        [1e+00, 3e+00]
Found heuristic solution: objective 241961.34066
Presolve removed 10 rows and 0 columns
Presolve time: 0.06s
Presolved: 101 rows, 100 columns, 290 nonzeros
Presolved model has 4600 quadratic objective terms
Variable types: 0 continuous, 100 integer (100 binary)
Found heuristic solution: objective 170507.69028

Root relaxation: objective -9.818584e+05, 174 iterations, 0.00 seconds (0.00 work units)

    Nodes    |    Current Node    |     Objective Bounds      |     Work
 Expl Unexpl |  Obj  Depth IntInf | Incumbent    BestBd   Gap | It/Node Time

     0     0    0.00000    0   91 170507.690    0.00000   100%     -    0s
H    0     0                    145444.52939    0.00000   100%     -    0s
H    0     0                    144094.62841    0.00000   100%     -    0s
     0     0    0.00000    0   91 144094.628    0.00000   100%     -    0s
     0     2    0.00000    0   91 144094.628    0.00000   100%     -    0s
H  265   191                    136230.62885 13019.3469  90.4%   9.4    0s
H  414   255                    120969.75180 16585.2247  86.3%  12.4    0s
H  514   219                    120190.08979 16585.2247  86.2%  11.9    0s

Cutting planes:
  Gomory: 7
  Implied bound: 51
  MIR: 37
  Inf proof: 2
  RLT: 28
  Relax-and-lift: 5

Explored 2293 nodes (24819 simplex iterations) in 0.74 seconds (0.72 work units)
Thread count was 12 (of 12 available processors)

Solution count 7: 120190 120970 136231 ... 241961

Optimal solution found (tolerance 1.00e-04)
Best objective 1.201900897911e+05, best bound 1.201900897911e+05, gap 0.0000%

Gurobi 11.0.3 (win64) logging started Wed Jul 15 11:22:20 2026

Set parameter LogFile to value "Logs/gurobi.log"
Set parameter TimeLimit to value 2.9996150550001767e+02
Gurobi Optimizer version 11.0.3 build v11.0.3rc0 (win64 - Windows 11+.0 (26200.2))

CPU model: 12th Gen Intel(R) Core(TM) i7-1255U, instruction set [SSE2|AVX|AVX2]
Thread count: 10 physical cores, 12 logical processors, using up to 12 threads

Academic license 2537843 - for non-commercial use only - registered to la___@ufmg.br
Optimize a model with 1891 rows, 9010 columns and 28810 nonzeros
Model fingerprint: 0xa666785f
Variable types: 0 continuous, 9010 integer (9010 binary)
Coefficient statistics:
  Matrix range     [1e+00, 1e+00]
  Objective range  [9e+01, 3e+04]
  Bounds range     [1e+00, 1e+00]
  RHS range        [1e+00, 3e+00]
Found heuristic solution: objective 244636.05670
Presolve time: 0.02s
Presolved: 1891 rows, 9010 columns, 28810 nonzeros
Variable types: 0 continuous, 9010 integer (9010 binary)
Found heuristic solution: objective 170508.67080

Root relaxation: objective 1.174477e+05, 789 iterations, 0.01 seconds (0.03 work units)

    Nodes    |    Current Node    |     Objective Bounds      |     Work
 Expl Unexpl |  Obj  Depth IntInf | Incumbent    BestBd   Gap | It/Node Time

*    0     0               0    117447.69105 117447.691  0.00%     -    0s

Explored 1 nodes (789 simplex iterations) in 0.05 seconds (0.06 work units)
Thread count was 12 (of 12 available processors)

Solution count 3: 117448 170509 244636 

Optimal solution found (tolerance 1.00e-04)
Best objective 1.174476910458e+05, best bound 1.174476910458e+05, gap 0.0000%

Gurobi 11.0.3 (win64) logging started Wed Jul 15 11:27:39 2026

Set parameter LogFile to value "Logs/gurobi.log"
Set parameter NonConvex to value 2
Set parameter TimeLimit to value 2.9992789639998227e+02
Gurobi Optimizer version 11.0.3 build v11.0.3rc0 (win64 - Windows 11+.0 (26200.2))

CPU model: 12th Gen Intel(R) Core(TM) i7-1255U, instruction set [SSE2|AVX|AVX2]
Thread count: 10 physical cores, 12 logical processors, using up to 12 threads

Academic license 2537843 - for non-commercial use only - registered to la___@ufmg.br
Optimize a model with 111 rows, 100 columns and 290 nonzeros
Model fingerprint: 0x4eb819e3
Model has 4500 quadratic objective terms
Variable types: 0 continuous, 100 integer (100 binary)
Coefficient statistics:
  Matrix range     [1e+00, 1e+00]
  Objective range  [0e+00, 0e+00]
  QObjective range [4e+02, 9e+04]
  Bounds range     [1e+00, 1e+00]
  RHS range        [1e+00, 3e+00]
Found heuristic solution: objective 241961.34066
Presolve removed 10 rows and 0 columns
Presolve time: 0.06s
Presolved: 101 rows, 100 columns, 290 nonzeros
Presolved model has 4600 quadratic objective terms
Variable types: 0 continuous, 100 integer (100 binary)
Found heuristic solution: objective 170507.69028

Root relaxation: objective -9.818584e+05, 174 iterations, 0.00 seconds (0.00 work units)

    Nodes    |    Current Node    |     Objective Bounds      |     Work
 Expl Unexpl |  Obj  Depth IntInf | Incumbent    BestBd   Gap | It/Node Time

     0     0    0.00000    0   91 170507.690    0.00000   100%     -    0s
H    0     0                    145444.52939    0.00000   100%     -    0s
H    0     0                    144094.62841    0.00000   100%     -    0s
     0     0    0.00000    0   91 144094.628    0.00000   100%     -    0s
     0     2    0.00000    0   91 144094.628    0.00000   100%     -    0s
H  265   191                    136230.62885 13019.3469  90.4%   9.4    0s
H  414   255                    120969.75180 16585.2247  86.3%  12.4    0s
H  514   219                    120190.08979 16585.2247  86.2%  11.9    0s

Cutting planes:
  Gomory: 7
  Implied bound: 51
  MIR: 37
  Inf proof: 2
  RLT: 28
  Relax-and-lift: 5

Explored 2293 nodes (24819 simplex iterations) in 0.78 seconds (0.72 work units)
Thread count was 12 (of 12 available processors)

Solution count 7: 120190 120970 136231 ... 241961

Optimal solution found (tolerance 1.00e-04)
Best objective 1.201900897911e+05, best bound 1.201900897911e+05, gap 0.0000%

Gurobi 11.0.3 (win64) logging started Wed Jul 15 11:29:03 2026

Set parameter LogFile to value "Logs/gurobi.log"
Set parameter NonConvex to value 2
Set parameter TimeLimit to value 2.9990147909999359e+02
Gurobi Optimizer version 11.0.3 build v11.0.3rc0 (win64 - Windows 11+.0 (26200.2))

CPU model: 12th Gen Intel(R) Core(TM) i7-1255U, instruction set [SSE2|AVX|AVX2]
Thread count: 10 physical cores, 12 logical processors, using up to 12 threads

Academic license 2537843 - for non-commercial use only - registered to la___@ufmg.br
Optimize a model with 111 rows, 100 columns and 290 nonzeros
Model fingerprint: 0x4eb819e3
Model has 4500 quadratic objective terms
Variable types: 0 continuous, 100 integer (100 binary)
Coefficient statistics:
  Matrix range     [1e+00, 1e+00]
  Objective range  [0e+00, 0e+00]
  QObjective range [4e+02, 9e+04]
  Bounds range     [1e+00, 1e+00]
  RHS range        [1e+00, 3e+00]
Found heuristic solution: objective 241961.34066
Presolve removed 10 rows and 0 columns
Presolve time: 0.08s
Presolved: 101 rows, 100 columns, 290 nonzeros
Presolved model has 4600 quadratic objective terms
Variable types: 0 continuous, 100 integer (100 binary)
Found heuristic solution: objective 170507.69028

Root relaxation: objective -9.818584e+05, 174 iterations, 0.01 seconds (0.00 work units)

    Nodes    |    Current Node    |     Objective Bounds      |     Work
 Expl Unexpl |  Obj  Depth IntInf | Incumbent    BestBd   Gap | It/Node Time

     0     0    0.00000    0   91 170507.690    0.00000   100%     -    0s
H    0     0                    145444.52939    0.00000   100%     -    0s
H    0     0                    144094.62841    0.00000   100%     -    0s
     0     0    0.00000    0   91 144094.628    0.00000   100%     -    0s
     0     2    0.00000    0   91 144094.628    0.00000   100%     -    0s
H  265   191                    136230.62885 13019.3469  90.4%   9.4    1s
H  414   255                    120969.75180 16585.2247  86.3%  12.4    2s
H  514   219                    120190.08979 16585.2247  86.2%  11.9    2s

Cutting planes:
  Gomory: 7
  Implied bound: 51
  MIR: 37
  Inf proof: 2
  RLT: 28
  Relax-and-lift: 5

Explored 2293 nodes (24819 simplex iterations) in 3.21 seconds (0.72 work units)
Thread count was 12 (of 12 available processors)

Solution count 7: 120190 120970 136231 ... 241961

Optimal solution found (tolerance 1.00e-04)
Best objective 1.201900897911e+05, best bound 1.201900897911e+05, gap 0.0000%

Gurobi 11.0.3 (win64) logging started Wed Jul 15 11:30:30 2026

Set parameter LogFile to value "Logs/gurobi.log"
Set parameter NonConvex to value 2
Set parameter TimeLimit to value 2.9990216880000662e+02
Gurobi Optimizer version 11.0.3 build v11.0.3rc0 (win64 - Windows 11+.0 (26200.2))

CPU model: 12th Gen Intel(R) Core(TM) i7-1255U, instruction set [SSE2|AVX|AVX2]
Thread count: 10 physical cores, 12 logical processors, using up to 12 threads

Academic license 2537843 - for non-commercial use only - registered to la___@ufmg.br
Optimize a model with 111 rows, 100 columns and 290 nonzeros
Model fingerprint: 0x4eb819e3
Model has 4500 quadratic objective terms
Variable types: 0 continuous, 100 integer (100 binary)
Coefficient statistics:
  Matrix range     [1e+00, 1e+00]
  Objective range  [0e+00, 0e+00]
  QObjective range [4e+02, 9e+04]
  Bounds range     [1e+00, 1e+00]
  RHS range        [1e+00, 3e+00]
Found heuristic solution: objective 241961.34066
Presolve removed 10 rows and 0 columns
Presolve time: 0.06s
Presolved: 101 rows, 100 columns, 290 nonzeros
Presolved model has 4600 quadratic objective terms
Variable types: 0 continuous, 100 integer (100 binary)
Found heuristic solution: objective 170507.69028

Root relaxation: objective -9.818584e+05, 174 iterations, 0.00 seconds (0.00 work units)

    Nodes    |    Current Node    |     Objective Bounds      |     Work
 Expl Unexpl |  Obj  Depth IntInf | Incumbent    BestBd   Gap | It/Node Time

     0     0    0.00000    0   91 170507.690    0.00000   100%     -    0s
H    0     0                    145444.52939    0.00000   100%     -    0s
H    0     0                    144094.62841    0.00000   100%     -    0s
     0     0    0.00000    0   91 144094.628    0.00000   100%     -    0s
     0     2    0.00000    0   91 144094.628    0.00000   100%     -    0s
H  265   191                    136230.62885 13019.3469  90.4%   9.4    0s
H  414   255                    120969.75180 16585.2247  86.3%  12.4    0s
H  514   219                    120190.08979 16585.2247  86.2%  11.9    0s

Cutting planes:
  Gomory: 7
  Implied bound: 51
  MIR: 37
  Inf proof: 2
  RLT: 28
  Relax-and-lift: 5

Explored 2293 nodes (24819 simplex iterations) in 0.80 seconds (0.72 work units)
Thread count was 12 (of 12 available processors)

Solution count 7: 120190 120970 136231 ... 241961

Optimal solution found (tolerance 1.00e-04)
Best objective 1.201900897911e+05, best bound 1.201900897911e+05, gap 0.0000%

Gurobi 13.0.2 (win64) logging started Mon Jul 27 19:42:08 2026

Set parameter LogFile to value "Logs/gurobi.log"
Set parameter TimeLimit to value 2.9854315360006876e+02
Gurobi Optimizer version 13.0.2 build v13.0.2rc1 (win64 - Windows 11+.0 (26200.2))

CPU model: 12th Gen Intel(R) Core(TM) i7-1255U, instruction set [SSE2|AVX|AVX2]
Thread count: 10 physical cores, 12 logical processors, using up to 12 threads

Non-default parameters:
TimeLimit  2.9854315360006876e+02

Academic license 2537843 - for non-commercial use only - registered to la___@ufmg.br
Optimize a model with 2531 rows, 13321 columns and 42361 nonzeros (Min)
Model fingerprint: 0xc4b048cf
Model has 13310 linear objective coefficients
Variable types: 0 continuous, 13321 integer (13321 binary)
Coefficient statistics:
  Matrix range     [1e+00, 1e+00]
  Objective range  [6e-02, 2e+03]
  Bounds range     [1e+00, 1e+00]
  RHS range        [1e+00, 5e+00]

Found heuristic solution: objective 2142.0313935
Presolve time: 0.04s
Presolved: 2531 rows, 13321 columns, 42361 nonzeros
Variable types: 0 continuous, 13321 integer (13321 binary)

Root relaxation: objective 4.482372e+02, 333 iterations, 0.01 seconds (0.01 work units)

    Nodes    |    Current Node    |     Objective Bounds      |     Work
 Expl Unexpl |  Obj  Depth IntInf | Incumbent    BestBd   Gap | It/Node Time

     0     0  448.23724    0  230 2142.03139  448.23724  79.1%     -    0s
H    0     0                     743.9710093  448.23724  39.8%     -    0s
H    0     0                     458.0481729  448.23724  2.14%     -    0s
H    0     0                     458.0481472  448.23724  2.14%     -    0s
H    0     0                     455.0339268  448.23724  1.49%     -    0s
H    0     0                     452.5399650  448.23724  0.95%     -    0s
H    0     0                     451.3047500  448.23724  0.68%     -    0s
H    0     0                     450.5408567  448.23724  0.51%     -    0s
     0     0  448.86753    0  138  450.54086  448.86753  0.37%     -    0s
     0     0  448.86753    0   70  450.54086  448.86753  0.37%     -    0s
H    0     0                     450.5316445  448.86753  0.37%     -    0s
H    0     0                     449.3912109  448.86753  0.12%     -    0s
H    0     0                     449.1597893  448.86753  0.07%     -    0s

Cutting planes:
  Gomory: 1
  Zero half: 8

Explored 1 nodes (750 simplex iterations) in 0.33 seconds (0.20 work units)
Thread count was 12 (of 12 available processors)

Solution count 10: 449.16 449.391 450.532 ... 455.034

Optimal solution found (tolerance 1.00e-04)
Best objective 4.491597893054e+02, best bound 4.491182993702e+02, gap 0.0092%

Gurobi 13.0.2 (win64) logging started Tue Jul 28 09:19:45 2026

Set parameter LogFile to value "Logs/gurobi.log"
Set parameter TimeLimit to value 2.9985047419997863e+02
Gurobi Optimizer version 13.0.2 build v13.0.2rc1 (win64 - Windows 11+.0 (26200.2))

CPU model: 12th Gen Intel(R) Core(TM) i7-1255U, instruction set [SSE2|AVX|AVX2]
Thread count: 10 physical cores, 12 logical processors, using up to 12 threads

Non-default parameters:
TimeLimit  2.9985047419997863e+02

Academic license 2537843 - for non-commercial use only - registered to la___@ufmg.br
Optimize a model with 2531 rows, 13321 columns and 42361 nonzeros (Min)
Model fingerprint: 0xc4b048cf
Model has 13310 linear objective coefficients
Variable types: 0 continuous, 13321 integer (13321 binary)
Coefficient statistics:
  Matrix range     [1e+00, 1e+00]
  Objective range  [6e-02, 2e+03]
  Bounds range     [1e+00, 1e+00]
  RHS range        [1e+00, 5e+00]

Found heuristic solution: objective 2142.0313935
Presolve time: 0.04s
Presolved: 2531 rows, 13321 columns, 42361 nonzeros
Variable types: 0 continuous, 13321 integer (13321 binary)

Root relaxation: objective 4.482372e+02, 333 iterations, 0.01 seconds (0.01 work units)

    Nodes    |    Current Node    |     Objective Bounds      |     Work
 Expl Unexpl |  Obj  Depth IntInf | Incumbent    BestBd   Gap | It/Node Time

     0     0  448.23724    0  230 2142.03139  448.23724  79.1%     -    0s
H    0     0                     743.9710093  448.23724  39.8%     -    0s
H    0     0                     458.0481729  448.23724  2.14%     -    0s
H    0     0                     458.0481472  448.23724  2.14%     -    0s
H    0     0                     455.0339268  448.23724  1.49%     -    0s
H    0     0                     452.5399650  448.23724  0.95%     -    0s
H    0     0                     451.3047500  448.23724  0.68%     -    0s
H    0     0                     450.5408567  448.23724  0.51%     -    0s
     0     0  448.86753    0  138  450.54086  448.86753  0.37%     -    0s
     0     0  448.86753    0   70  450.54086  448.86753  0.37%     -    0s
H    0     0                     450.5316445  448.86753  0.37%     -    0s
H    0     0                     449.3912109  448.86753  0.12%     -    0s
H    0     0                     449.1597893  448.86753  0.07%     -    0s

Cutting planes:
  Gomory: 1
  Zero half: 8

Explored 1 nodes (750 simplex iterations) in 0.33 seconds (0.20 work units)
Thread count was 12 (of 12 available processors)

Solution count 10: 449.16 449.391 450.532 ... 455.034

Optimal solution found (tolerance 1.00e-04)
Best objective 4.491597893054e+02, best bound 4.491182993702e+02, gap 0.0092%

Gurobi 13.0.2 (win64) logging started Tue Jul 28 09:19:56 2026

Set parameter LogFile to value "Logs/gurobi.log"
Set parameter TimeLimit to value 2.9987877559999470e+02
Gurobi Optimizer version 13.0.2 build v13.0.2rc1 (win64 - Windows 11+.0 (26200.2))

CPU model: 12th Gen Intel(R) Core(TM) i7-1255U, instruction set [SSE2|AVX|AVX2]
Thread count: 10 physical cores, 12 logical processors, using up to 12 threads

Non-default parameters:
TimeLimit  2.9987877559999470e+02

Academic license 2537843 - for non-commercial use only - registered to la___@ufmg.br
Optimize a model with 2531 rows, 13321 columns and 42361 nonzeros (Min)
Model fingerprint: 0x63861276
Model has 13310 linear objective coefficients
Variable types: 0 continuous, 13321 integer (13321 binary)
Coefficient statistics:
  Matrix range     [1e+00, 1e+00]
  Objective range  [4e-03, 1e+03]
  Bounds range     [1e+00, 1e+00]
  RHS range        [1e+00, 5e+00]

Found heuristic solution: objective 1505.1363659
Presolve time: 0.04s
Presolved: 2531 rows, 13321 columns, 42361 nonzeros
Variable types: 0 continuous, 13321 integer (13321 binary)

Root relaxation: objective 6.999774e+01, 809 iterations, 0.02 seconds (0.03 work units)

    Nodes    |    Current Node    |     Objective Bounds      |     Work
 Expl Unexpl |  Obj  Depth IntInf | Incumbent    BestBd   Gap | It/Node Time

*    0     0               0      69.9977440   69.99774  0.00%     -    0s

Explored 1 nodes (809 simplex iterations) in 0.11 seconds (0.09 work units)
Thread count was 12 (of 12 available processors)

Solution count 2: 69.9977 1505.14 

Optimal solution found (tolerance 1.00e-04)
Best objective 6.999774400717e+01, best bound 6.999774400717e+01, gap 0.0000%

Gurobi 13.0.2 (win64) logging started Tue Jul 28 09:20:02 2026

Set parameter LogFile to value "Logs/gurobi.log"
Set parameter TimeLimit to value 2.9984369720006362e+02
Gurobi Optimizer version 13.0.2 build v13.0.2rc1 (win64 - Windows 11+.0 (26200.2))

CPU model: 12th Gen Intel(R) Core(TM) i7-1255U, instruction set [SSE2|AVX|AVX2]
Thread count: 10 physical cores, 12 logical processors, using up to 12 threads

Non-default parameters:
TimeLimit  2.9984369720006362e+02

Academic license 2537843 - for non-commercial use only - registered to la___@ufmg.br
Optimize a model with 2531 rows, 13321 columns and 42361 nonzeros (Min)
Model fingerprint: 0xc4b048cf
Model has 13310 linear objective coefficients
Variable types: 0 continuous, 13321 integer (13321 binary)
Coefficient statistics:
  Matrix range     [1e+00, 1e+00]
  Objective range  [6e-02, 2e+03]
  Bounds range     [1e+00, 1e+00]
  RHS range        [1e+00, 5e+00]

Found heuristic solution: objective 2142.0313935
Presolve time: 0.05s
Presolved: 2531 rows, 13321 columns, 42361 nonzeros
Variable types: 0 continuous, 13321 integer (13321 binary)

Root relaxation: objective 4.482372e+02, 333 iterations, 0.01 seconds (0.01 work units)

    Nodes    |    Current Node    |     Objective Bounds      |     Work
 Expl Unexpl |  Obj  Depth IntInf | Incumbent    BestBd   Gap | It/Node Time

     0     0  448.23724    0  230 2142.03139  448.23724  79.1%     -    0s
H    0     0                     743.9710093  448.23724  39.8%     -    0s
H    0     0                     458.0481729  448.23724  2.14%     -    0s
H    0     0                     458.0481472  448.23724  2.14%     -    0s
H    0     0                     455.0339268  448.23724  1.49%     -    0s
H    0     0                     452.5399650  448.23724  0.95%     -    0s
H    0     0                     451.3047500  448.23724  0.68%     -    0s
H    0     0                     450.5408567  448.23724  0.51%     -    0s
     0     0  448.86753    0  138  450.54086  448.86753  0.37%     -    0s
     0     0  448.86753    0   70  450.54086  448.86753  0.37%     -    0s
H    0     0                     450.5316445  448.86753  0.37%     -    0s
H    0     0                     449.3912109  448.86753  0.12%     -    0s
H    0     0                     449.1597893  448.86753  0.07%     -    0s

Cutting planes:
  Gomory: 1
  Zero half: 8

Explored 1 nodes (750 simplex iterations) in 0.38 seconds (0.20 work units)
Thread count was 12 (of 12 available processors)

Solution count 10: 449.16 449.391 450.532 ... 455.034

Optimal solution found (tolerance 1.00e-04)
Best objective 4.491597893054e+02, best bound 4.491182993702e+02, gap 0.0092%

Gurobi 13.0.2 (win64) logging started Tue Jul 28 10:06:02 2026

Set parameter LogFile to value "Logs/gurobi.log"
Set parameter TimeLimit to value 2.9984335089998785e+02
Gurobi Optimizer version 13.0.2 build v13.0.2rc1 (win64 - Windows 11+.0 (26200.2))

CPU model: 12th Gen Intel(R) Core(TM) i7-1255U, instruction set [SSE2|AVX|AVX2]
Thread count: 10 physical cores, 12 logical processors, using up to 12 threads

Non-default parameters:
TimeLimit  2.9984335089998785e+02

Academic license 2537843 - for non-commercial use only - registered to la___@ufmg.br
Optimize a model with 2531 rows, 13321 columns and 42361 nonzeros (Min)
Model fingerprint: 0xc4b048cf
Model has 13310 linear objective coefficients
Variable types: 0 continuous, 13321 integer (13321 binary)
Coefficient statistics:
  Matrix range     [1e+00, 1e+00]
  Objective range  [6e-02, 2e+03]
  Bounds range     [1e+00, 1e+00]
  RHS range        [1e+00, 5e+00]

Found heuristic solution: objective 2142.0313935
Presolve time: 0.05s
Presolved: 2531 rows, 13321 columns, 42361 nonzeros
Variable types: 0 continuous, 13321 integer (13321 binary)

Root relaxation: objective 4.482372e+02, 333 iterations, 0.01 seconds (0.01 work units)

    Nodes    |    Current Node    |     Objective Bounds      |     Work
 Expl Unexpl |  Obj  Depth IntInf | Incumbent    BestBd   Gap | It/Node Time

     0     0  448.23724    0  230 2142.03139  448.23724  79.1%     -    0s
H    0     0                     743.9710093  448.23724  39.8%     -    0s
H    0     0                     458.0481729  448.23724  2.14%     -    0s
H    0     0                     458.0481472  448.23724  2.14%     -    0s
H    0     0                     455.0339268  448.23724  1.49%     -    0s
H    0     0                     452.5399650  448.23724  0.95%     -    0s
H    0     0                     451.3047500  448.23724  0.68%     -    0s
H    0     0                     450.5408567  448.23724  0.51%     -    0s
     0     0  448.86753    0  138  450.54086  448.86753  0.37%     -    0s
     0     0  448.86753    0   70  450.54086  448.86753  0.37%     -    0s
H    0     0                     450.5316445  448.86753  0.37%     -    0s
H    0     0                     449.3912109  448.86753  0.12%     -    0s
H    0     0                     449.1597893  448.86753  0.07%     -    0s

Cutting planes:
  Gomory: 1
  Zero half: 8

Explored 1 nodes (750 simplex iterations) in 0.45 seconds (0.20 work units)
Thread count was 12 (of 12 available processors)

Solution count 10: 449.16 449.391 450.532 ... 455.034

Optimal solution found (tolerance 1.00e-04)
Best objective 4.491597893054e+02, best bound 4.491182993702e+02, gap 0.0092%

Gurobi 13.0.2 (win64) logging started Tue Jul 28 10:09:23 2026

Set parameter LogFile to value "Logs/gurobi.log"
Set parameter TimeLimit to value 2.9978223769995384e+02
Gurobi Optimizer version 13.0.2 build v13.0.2rc1 (win64 - Windows 11+.0 (26200.2))

CPU model: 12th Gen Intel(R) Core(TM) i7-1255U, instruction set [SSE2|AVX|AVX2]
Thread count: 10 physical cores, 12 logical processors, using up to 12 threads

Non-default parameters:
TimeLimit  2.9978223769995384e+02

Academic license 2537843 - for non-commercial use only - registered to la___@ufmg.br
Optimize a model with 2531 rows, 13321 columns and 42361 nonzeros (Min)
Model fingerprint: 0xc4b048cf
Model has 13310 linear objective coefficients
Variable types: 0 continuous, 13321 integer (13321 binary)
Coefficient statistics:
  Matrix range     [1e+00, 1e+00]
  Objective range  [6e-02, 2e+03]
  Bounds range     [1e+00, 1e+00]
  RHS range        [1e+00, 5e+00]

Found heuristic solution: objective 2142.0313935
Presolve time: 0.06s
Presolved: 2531 rows, 13321 columns, 42361 nonzeros
Variable types: 0 continuous, 13321 integer (13321 binary)

Root relaxation: objective 4.482372e+02, 333 iterations, 0.01 seconds (0.01 work units)

    Nodes    |    Current Node    |     Objective Bounds      |     Work
 Expl Unexpl |  Obj  Depth IntInf | Incumbent    BestBd   Gap | It/Node Time

     0     0  448.23724    0  230 2142.03139  448.23724  79.1%     -    0s
H    0     0                     743.9710093  448.23724  39.8%     -    0s
H    0     0                     458.0481729  448.23724  2.14%     -    0s
H    0     0                     458.0481472  448.23724  2.14%     -    0s
H    0     0                     455.0339268  448.23724  1.49%     -    0s
H    0     0                     452.5399650  448.23724  0.95%     -    0s
H    0     0                     451.3047500  448.23724  0.68%     -    0s
H    0     0                     450.5408567  448.23724  0.51%     -    0s
     0     0  448.86753    0  138  450.54086  448.86753  0.37%     -    0s
     0     0  448.86753    0   70  450.54086  448.86753  0.37%     -    0s
H    0     0                     450.5316445  448.86753  0.37%     -    0s
H    0     0                     449.3912109  448.86753  0.12%     -    0s
H    0     0                     449.1597893  448.86753  0.07%     -    0s

Cutting planes:
  Gomory: 1
  Zero half: 8

Explored 1 nodes (750 simplex iterations) in 0.45 seconds (0.20 work units)
Thread count was 12 (of 12 available processors)

Solution count 10: 449.16 449.391 450.532 ... 455.034

Optimal solution found (tolerance 1.00e-04)
Best objective 4.491597893054e+02, best bound 4.491182993702e+02, gap 0.0092%

Gurobi 13.0.2 (win64) logging started Tue Jul 28 10:09:40 2026

Set parameter LogFile to value "Logs/gurobi.log"
Set parameter TimeLimit to value 299.810488200048
Gurobi Optimizer version 13.0.2 build v13.0.2rc1 (win64 - Windows 11+.0 (26200.2))

CPU model: 12th Gen Intel(R) Core(TM) i7-1255U, instruction set [SSE2|AVX|AVX2]
Thread count: 10 physical cores, 12 logical processors, using up to 12 threads

Non-default parameters:
TimeLimit  299.810488200048

Academic license 2537843 - for non-commercial use only - registered to la___@ufmg.br
Optimize a model with 2531 rows, 13321 columns and 42361 nonzeros (Min)
Model fingerprint: 0xb25000ff
Model has 13310 linear objective coefficients
Variable types: 0 continuous, 13321 integer (13321 binary)
Coefficient statistics:
  Matrix range     [1e+00, 1e+00]
  Objective range  [8e-03, 1e+03]
  Bounds range     [1e+00, 1e+00]
  RHS range        [1e+00, 5e+00]

Found heuristic solution: objective 1550.6288679
Presolve time: 0.06s
Presolved: 2531 rows, 13321 columns, 42361 nonzeros
Variable types: 0 continuous, 13321 integer (13321 binary)

Root relaxation: objective 9.813084e+01, 755 iterations, 0.02 seconds (0.03 work units)

    Nodes    |    Current Node    |     Objective Bounds      |     Work
 Expl Unexpl |  Obj  Depth IntInf | Incumbent    BestBd   Gap | It/Node Time

*    0     0               0      98.1308366   98.13084  0.00%     -    0s

Explored 1 nodes (755 simplex iterations) in 0.13 seconds (0.09 work units)
Thread count was 12 (of 12 available processors)

Solution count 2: 98.1308 1550.63 

Optimal solution found (tolerance 1.00e-04)
Best objective 9.813083660859e+01, best bound 9.813083660859e+01, gap 0.0000%

Gurobi 13.0.2 (win64) logging started Tue Jul 28 10:23:33 2026

Set parameter LogFile to value "Logs/gurobi.log"
Set parameter TimeLimit to value 2.9978059989993926e+02
Gurobi Optimizer version 13.0.2 build v13.0.2rc1 (win64 - Windows 11+.0 (26200.2))

CPU model: 12th Gen Intel(R) Core(TM) i7-1255U, instruction set [SSE2|AVX|AVX2]
Thread count: 10 physical cores, 12 logical processors, using up to 12 threads

Non-default parameters:
TimeLimit  2.9978059989993926e+02

Academic license 2537843 - for non-commercial use only - registered to la___@ufmg.br
Optimize a model with 2531 rows, 13321 columns and 42361 nonzeros (Min)
Model fingerprint: 0xc4b048cf
Model has 13310 linear objective coefficients
Variable types: 0 continuous, 13321 integer (13321 binary)
Coefficient statistics:
  Matrix range     [1e+00, 1e+00]
  Objective range  [6e-02, 2e+03]
  Bounds range     [1e+00, 1e+00]
  RHS range        [1e+00, 5e+00]

Found heuristic solution: objective 2142.0313935
Presolve time: 0.05s
Presolved: 2531 rows, 13321 columns, 42361 nonzeros
Variable types: 0 continuous, 13321 integer (13321 binary)

Root relaxation: objective 4.482372e+02, 333 iterations, 0.01 seconds (0.01 work units)

    Nodes    |    Current Node    |     Objective Bounds      |     Work
 Expl Unexpl |  Obj  Depth IntInf | Incumbent    BestBd   Gap | It/Node Time

     0     0  448.23724    0  230 2142.03139  448.23724  79.1%     -    0s
H    0     0                     743.9710093  448.23724  39.8%     -    0s
H    0     0                     458.0481729  448.23724  2.14%     -    0s
H    0     0                     458.0481472  448.23724  2.14%     -    0s
H    0     0                     455.0339268  448.23724  1.49%     -    0s
H    0     0                     452.5399650  448.23724  0.95%     -    0s
H    0     0                     451.3047500  448.23724  0.68%     -    0s
H    0     0                     450.5408567  448.23724  0.51%     -    0s
     0     0  448.86753    0  138  450.54086  448.86753  0.37%     -    0s
     0     0  448.86753    0   70  450.54086  448.86753  0.37%     -    0s
H    0     0                     450.5316445  448.86753  0.37%     -    0s
H    0     0                     449.3912109  448.86753  0.12%     -    0s
H    0     0                     449.1597893  448.86753  0.07%     -    0s

Cutting planes:
  Gomory: 1
  Zero half: 8

Explored 1 nodes (750 simplex iterations) in 0.49 seconds (0.20 work units)
Thread count was 12 (of 12 available processors)

Solution count 10: 449.16 449.391 450.532 ... 455.034

Optimal solution found (tolerance 1.00e-04)
Best objective 4.491597893054e+02, best bound 4.491182993702e+02, gap 0.0092%

Gurobi 13.0.2 (win64) logging started Tue Jul 28 11:27:47 2026

Set parameter LogFile to value "Logs/gurobi.log"
Set parameter TimeLimit to value 2.9981996269989759e+02
Gurobi Optimizer version 13.0.2 build v13.0.2rc1 (win64 - Windows 11+.0 (26200.2))

CPU model: 12th Gen Intel(R) Core(TM) i7-1255U, instruction set [SSE2|AVX|AVX2]
Thread count: 10 physical cores, 12 logical processors, using up to 12 threads

Non-default parameters:
TimeLimit  2.9981996269989759e+02

Academic license 2537843 - for non-commercial use only - registered to la___@ufmg.br
Optimize a model with 2531 rows, 13321 columns and 42361 nonzeros (Min)
Model fingerprint: 0xc4b048cf
Model has 13310 linear objective coefficients
Variable types: 0 continuous, 13321 integer (13321 binary)
Coefficient statistics:
  Matrix range     [1e+00, 1e+00]
  Objective range  [6e-02, 2e+03]
  Bounds range     [1e+00, 1e+00]
  RHS range        [1e+00, 5e+00]

Found heuristic solution: objective 2142.0313935
Presolve time: 0.05s
Presolved: 2531 rows, 13321 columns, 42361 nonzeros
Variable types: 0 continuous, 13321 integer (13321 binary)

Root relaxation: objective 4.482372e+02, 333 iterations, 0.01 seconds (0.01 work units)

    Nodes    |    Current Node    |     Objective Bounds      |     Work
 Expl Unexpl |  Obj  Depth IntInf | Incumbent    BestBd   Gap | It/Node Time

     0     0  448.23724    0  230 2142.03139  448.23724  79.1%     -    0s
H    0     0                     743.9710093  448.23724  39.8%     -    0s
H    0     0                     458.0481729  448.23724  2.14%     -    0s
H    0     0                     458.0481472  448.23724  2.14%     -    0s
H    0     0                     455.0339268  448.23724  1.49%     -    0s
H    0     0                     452.5399650  448.23724  0.95%     -    0s
H    0     0                     451.3047500  448.23724  0.68%     -    0s
H    0     0                     450.5408567  448.23724  0.51%     -    0s
     0     0  448.86753    0  138  450.54086  448.86753  0.37%     -    0s
     0     0  448.86753    0   70  450.54086  448.86753  0.37%     -    0s
H    0     0                     450.5316445  448.86753  0.37%     -    0s
H    0     0                     449.3912109  448.86753  0.12%     -    0s
H    0     0                     449.1597893  448.86753  0.07%     -    0s

Cutting planes:
  Gomory: 1
  Zero half: 8

Explored 1 nodes (750 simplex iterations) in 0.46 seconds (0.20 work units)
Thread count was 12 (of 12 available processors)

Solution count 10: 449.16 449.391 450.532 ... 455.034

Optimal solution found (tolerance 1.00e-04)
Best objective 4.491597893054e+02, best bound 4.491182993702e+02, gap 0.0092%

Gurobi 13.0.2 (win64) logging started Tue Jul 28 11:28:06 2026

Set parameter LogFile to value "Logs/gurobi.log"
Set parameter TimeLimit to value 2.9985578610002995e+02
Gurobi Optimizer version 13.0.2 build v13.0.2rc1 (win64 - Windows 11+.0 (26200.2))

CPU model: 12th Gen Intel(R) Core(TM) i7-1255U, instruction set [SSE2|AVX|AVX2]
Thread count: 10 physical cores, 12 logical processors, using up to 12 threads

Non-default parameters:
TimeLimit  2.9985578610002995e+02

Academic license 2537843 - for non-commercial use only - registered to la___@ufmg.br
Optimize a model with 2531 rows, 13321 columns and 42361 nonzeros (Min)
Model fingerprint: 0xc4b048cf
Model has 13310 linear objective coefficients
Variable types: 0 continuous, 13321 integer (13321 binary)
Coefficient statistics:
  Matrix range     [1e+00, 1e+00]
  Objective range  [6e-02, 2e+03]
  Bounds range     [1e+00, 1e+00]
  RHS range        [1e+00, 5e+00]

Found heuristic solution: objective 2142.0313935
Presolve time: 0.05s
Presolved: 2531 rows, 13321 columns, 42361 nonzeros
Variable types: 0 continuous, 13321 integer (13321 binary)

Root relaxation: objective 4.482372e+02, 333 iterations, 0.01 seconds (0.01 work units)

    Nodes    |    Current Node    |     Objective Bounds      |     Work
 Expl Unexpl |  Obj  Depth IntInf | Incumbent    BestBd   Gap | It/Node Time

     0     0  448.23724    0  230 2142.03139  448.23724  79.1%     -    0s
H    0     0                     743.9710093  448.23724  39.8%     -    0s
H    0     0                     458.0481729  448.23724  2.14%     -    0s
H    0     0                     458.0481472  448.23724  2.14%     -    0s
H    0     0                     455.0339268  448.23724  1.49%     -    0s
H    0     0                     452.5399650  448.23724  0.95%     -    0s
H    0     0                     451.3047500  448.23724  0.68%     -    0s
H    0     0                     450.5408567  448.23724  0.51%     -    0s
     0     0  448.86753    0  138  450.54086  448.86753  0.37%     -    0s
     0     0  448.86753    0   70  450.54086  448.86753  0.37%     -    0s
H    0     0                     450.5316445  448.86753  0.37%     -    0s
H    0     0                     449.3912109  448.86753  0.12%     -    0s
H    0     0                     449.1597893  448.86753  0.07%     -    0s

Cutting planes:
  Gomory: 1
  Zero half: 8

Explored 1 nodes (750 simplex iterations) in 0.45 seconds (0.20 work units)
Thread count was 12 (of 12 available processors)

Solution count 10: 449.16 449.391 450.532 ... 455.034

Optimal solution found (tolerance 1.00e-04)
Best objective 4.491597893054e+02, best bound 4.491182993702e+02, gap 0.0092%

Gurobi 13.0.2 (win64) logging started Tue Jul 28 13:25:32 2026

Set parameter LogFile to value "Logs/gurobi.log"
Set parameter TimeLimit to value 2.9932281370006967e+02
Gurobi Optimizer version 13.0.2 build v13.0.2rc1 (win64 - Windows 11+.0 (26200.2))

CPU model: 12th Gen Intel(R) Core(TM) i7-1255U, instruction set [SSE2|AVX|AVX2]
Thread count: 10 physical cores, 12 logical processors, using up to 12 threads

Non-default parameters:
TimeLimit  2.9932281370006967e+02

Academic license 2537843 - for non-commercial use only - registered to la___@ufmg.br
Optimize a model with 2531 rows, 13321 columns and 42361 nonzeros (Min)
Model fingerprint: 0xc4b048cf
Model has 13310 linear objective coefficients
Variable types: 0 continuous, 13321 integer (13321 binary)
Coefficient statistics:
  Matrix range     [1e+00, 1e+00]
  Objective range  [6e-02, 2e+03]
  Bounds range     [1e+00, 1e+00]
  RHS range        [1e+00, 5e+00]

Found heuristic solution: objective 2142.0313935
Presolve time: 0.25s
Presolved: 2531 rows, 13321 columns, 42361 nonzeros
Variable types: 0 continuous, 13321 integer (13321 binary)

Root relaxation: objective 4.482372e+02, 333 iterations, 0.04 seconds (0.01 work units)

    Nodes    |    Current Node    |     Objective Bounds      |     Work
 Expl Unexpl |  Obj  Depth IntInf | Incumbent    BestBd   Gap | It/Node Time

     0     0  448.23724    0  230 2142.03139  448.23724  79.1%     -    0s
H    0     0                     743.9710093  448.23724  39.8%     -    0s
H    0     0                     458.0481729  448.23724  2.14%     -    0s
H    0     0                     458.0481472  448.23724  2.14%     -    0s
H    0     0                     455.0339268  448.23724  1.49%     -    0s
H    0     0                     452.5399650  448.23724  0.95%     -    0s
H    0     0                     451.3047500  448.23724  0.68%     -    1s
H    0     0                     450.5408567  448.23724  0.51%     -    1s
     0     0  448.86753    0  138  450.54086  448.86753  0.37%     -    1s
     0     0  448.86753    0   70  450.54086  448.86753  0.37%     -    1s
H    0     0                     450.5316445  448.86753  0.37%     -    1s
H    0     0                     449.3912109  448.86753  0.12%     -    1s
H    0     0                     449.1597893  448.86753  0.07%     -    1s

Cutting planes:
  Gomory: 1
  Zero half: 8

Explored 1 nodes (750 simplex iterations) in 1.58 seconds (0.20 work units)
Thread count was 12 (of 12 available processors)

Solution count 10: 449.16 449.391 450.532 ... 455.034

Optimal solution found (tolerance 1.00e-04)
Best objective 4.491597893054e+02, best bound 4.491182993702e+02, gap 0.0092%

Gurobi 13.0.2 (win64) logging started Tue Jul 28 13:26:55 2026

Set parameter LogFile to value "Logs/gurobi.log"
Set parameter TimeLimit to value 2.9949609610007610e+02
Gurobi Optimizer version 13.0.2 build v13.0.2rc1 (win64 - Windows 11+.0 (26200.2))

CPU model: 12th Gen Intel(R) Core(TM) i7-1255U, instruction set [SSE2|AVX|AVX2]
Thread count: 10 physical cores, 12 logical processors, using up to 12 threads

Non-default parameters:
TimeLimit  2.9949609610007610e+02

Academic license 2537843 - for non-commercial use only - registered to la___@ufmg.br
Optimize a model with 2531 rows, 13321 columns and 42361 nonzeros (Min)
Model fingerprint: 0xc4b048cf
Model has 13310 linear objective coefficients
Variable types: 0 continuous, 13321 integer (13321 binary)
Coefficient statistics:
  Matrix range     [1e+00, 1e+00]
  Objective range  [6e-02, 2e+03]
  Bounds range     [1e+00, 1e+00]
  RHS range        [1e+00, 5e+00]

Found heuristic solution: objective 2142.0313935
Presolve time: 0.18s
Presolved: 2531 rows, 13321 columns, 42361 nonzeros
Variable types: 0 continuous, 13321 integer (13321 binary)

Root relaxation: objective 4.482372e+02, 333 iterations, 0.03 seconds (0.01 work units)

    Nodes    |    Current Node    |     Objective Bounds      |     Work
 Expl Unexpl |  Obj  Depth IntInf | Incumbent    BestBd   Gap | It/Node Time

     0     0  448.23724    0  230 2142.03139  448.23724  79.1%     -    0s
H    0     0                     743.9710093  448.23724  39.8%     -    0s
H    0     0                     458.0481729  448.23724  2.14%     -    0s
H    0     0                     458.0481472  448.23724  2.14%     -    0s
H    0     0                     455.0339268  448.23724  1.49%     -    0s
H    0     0                     452.5399650  448.23724  0.95%     -    0s
H    0     0                     451.3047500  448.23724  0.68%     -    1s
H    0     0                     450.5408567  448.23724  0.51%     -    1s
     0     0  448.86753    0  138  450.54086  448.86753  0.37%     -    1s
     0     0  448.86753    0   70  450.54086  448.86753  0.37%     -    1s
H    0     0                     450.5316445  448.86753  0.37%     -    1s
H    0     0                     449.3912109  448.86753  0.12%     -    1s
H    0     0                     449.1597893  448.86753  0.07%     -    1s

Cutting planes:
  Gomory: 1
  Zero half: 8

Explored 1 nodes (750 simplex iterations) in 1.49 seconds (0.20 work units)
Thread count was 12 (of 12 available processors)

Solution count 10: 449.16 449.391 450.532 ... 455.034

Optimal solution found (tolerance 1.00e-04)
Best objective 4.491597893054e+02, best bound 4.491182993702e+02, gap 0.0092%

Gurobi 13.0.2 (win64) logging started Tue Jul 28 13:35:19 2026

Set parameter LogFile to value "Logs/gurobi.log"
Set parameter TimeLimit to value 2.9964670849998947e+02
Gurobi Optimizer version 13.0.2 build v13.0.2rc1 (win64 - Windows 11+.0 (26200.2))

CPU model: 12th Gen Intel(R) Core(TM) i7-1255U, instruction set [SSE2|AVX|AVX2]
Thread count: 10 physical cores, 12 logical processors, using up to 12 threads

Non-default parameters:
TimeLimit  2.9964670849998947e+02

Academic license 2537843 - for non-commercial use only - registered to la___@ufmg.br
Optimize a model with 2531 rows, 13321 columns and 42361 nonzeros (Min)
Model fingerprint: 0xc4b048cf
Model has 13310 linear objective coefficients
Variable types: 0 continuous, 13321 integer (13321 binary)
Coefficient statistics:
  Matrix range     [1e+00, 1e+00]
  Objective range  [6e-02, 2e+03]
  Bounds range     [1e+00, 1e+00]
  RHS range        [1e+00, 5e+00]

Found heuristic solution: objective 2142.0313935
Presolve time: 0.13s
Presolved: 2531 rows, 13321 columns, 42361 nonzeros
Variable types: 0 continuous, 13321 integer (13321 binary)

Root relaxation: objective 4.482372e+02, 333 iterations, 0.03 seconds (0.01 work units)

    Nodes    |    Current Node    |     Objective Bounds      |     Work
 Expl Unexpl |  Obj  Depth IntInf | Incumbent    BestBd   Gap | It/Node Time

     0     0  448.23724    0  230 2142.03139  448.23724  79.1%     -    0s
H    0     0                     743.9710093  448.23724  39.8%     -    0s
H    0     0                     458.0481729  448.23724  2.14%     -    0s
H    0     0                     458.0481472  448.23724  2.14%     -    0s
H    0     0                     455.0339268  448.23724  1.49%     -    0s
H    0     0                     452.5399650  448.23724  0.95%     -    0s
H    0     0                     451.3047500  448.23724  0.68%     -    0s
H    0     0                     450.5408567  448.23724  0.51%     -    0s
     0     0  448.86753    0  138  450.54086  448.86753  0.37%     -    0s
     0     0  448.86753    0   70  450.54086  448.86753  0.37%     -    1s
H    0     0                     450.5316445  448.86753  0.37%     -    1s
H    0     0                     449.3912109  448.86753  0.12%     -    1s
H    0     0                     449.1597893  448.86753  0.07%     -    1s

Cutting planes:
  Gomory: 1
  Zero half: 8

Explored 1 nodes (750 simplex iterations) in 1.05 seconds (0.20 work units)
Thread count was 12 (of 12 available processors)

Solution count 10: 449.16 449.391 450.532 ... 455.034

Optimal solution found (tolerance 1.00e-04)
Best objective 4.491597893054e+02, best bound 4.491182993702e+02, gap 0.0092%

Gurobi 13.0.2 (win64) logging started Tue Jul 28 13:41:37 2026

Set parameter LogFile to value "Logs/gurobi.log"
Set parameter TimeLimit to value 2.9976139699993655e+02
Gurobi Optimizer version 13.0.2 build v13.0.2rc1 (win64 - Windows 11+.0 (26200.2))

CPU model: 12th Gen Intel(R) Core(TM) i7-1255U, instruction set [SSE2|AVX|AVX2]
Thread count: 10 physical cores, 12 logical processors, using up to 12 threads

Non-default parameters:
TimeLimit  2.9976139699993655e+02

Academic license 2537843 - for non-commercial use only - registered to la___@ufmg.br
Optimize a model with 2531 rows, 13321 columns and 42361 nonzeros (Min)
Model fingerprint: 0xc4b048cf
Model has 13310 linear objective coefficients
Variable types: 0 continuous, 13321 integer (13321 binary)
Coefficient statistics:
  Matrix range     [1e+00, 1e+00]
  Objective range  [6e-02, 2e+03]
  Bounds range     [1e+00, 1e+00]
  RHS range        [1e+00, 5e+00]

Found heuristic solution: objective 2142.0313935
Presolve time: 0.10s
Presolved: 2531 rows, 13321 columns, 42361 nonzeros
Variable types: 0 continuous, 13321 integer (13321 binary)

Root relaxation: objective 4.482372e+02, 333 iterations, 0.03 seconds (0.01 work units)

    Nodes    |    Current Node    |     Objective Bounds      |     Work
 Expl Unexpl |  Obj  Depth IntInf | Incumbent    BestBd   Gap | It/Node Time

     0     0  448.23724    0  230 2142.03139  448.23724  79.1%     -    0s
H    0     0                     743.9710093  448.23724  39.8%     -    0s
H    0     0                     458.0481729  448.23724  2.14%     -    0s
H    0     0                     458.0481472  448.23724  2.14%     -    0s
H    0     0                     455.0339268  448.23724  1.49%     -    0s
H    0     0                     452.5399650  448.23724  0.95%     -    0s
H    0     0                     451.3047500  448.23724  0.68%     -    0s
H    0     0                     450.5408567  448.23724  0.51%     -    0s
     0     0  448.86753    0  138  450.54086  448.86753  0.37%     -    0s
     0     0  448.86753    0   70  450.54086  448.86753  0.37%     -    0s
H    0     0                     450.5316445  448.86753  0.37%     -    0s
H    0     0                     449.3912109  448.86753  0.12%     -    0s
H    0     0                     449.1597893  448.86753  0.07%     -    0s

Cutting planes:
  Gomory: 1
  Zero half: 8

Explored 1 nodes (750 simplex iterations) in 0.63 seconds (0.20 work units)
Thread count was 12 (of 12 available processors)

Solution count 10: 449.16 449.391 450.532 ... 455.034

Optimal solution found (tolerance 1.00e-04)
Best objective 4.491597893054e+02, best bound 4.491182993702e+02, gap 0.0092%

Gurobi 13.0.2 (win64) logging started Tue Jul 28 13:42:54 2026

Set parameter LogFile to value "Logs/gurobi.log"
Set parameter TimeLimit to value 2.9972229109995533e+02
Gurobi Optimizer version 13.0.2 build v13.0.2rc1 (win64 - Windows 11+.0 (26200.2))

CPU model: 12th Gen Intel(R) Core(TM) i7-1255U, instruction set [SSE2|AVX|AVX2]
Thread count: 10 physical cores, 12 logical processors, using up to 12 threads

Non-default parameters:
TimeLimit  2.9972229109995533e+02

Academic license 2537843 - for non-commercial use only - registered to la___@ufmg.br
Optimize a model with 2531 rows, 13321 columns and 42361 nonzeros (Min)
Model fingerprint: 0xc4b048cf
Model has 13310 linear objective coefficients
Variable types: 0 continuous, 13321 integer (13321 binary)
Coefficient statistics:
  Matrix range     [1e+00, 1e+00]
  Objective range  [6e-02, 2e+03]
  Bounds range     [1e+00, 1e+00]
  RHS range        [1e+00, 5e+00]

Found heuristic solution: objective 2142.0313935
Presolve time: 0.10s
Presolved: 2531 rows, 13321 columns, 42361 nonzeros
Variable types: 0 continuous, 13321 integer (13321 binary)

Root relaxation: objective 4.482372e+02, 333 iterations, 0.02 seconds (0.01 work units)

    Nodes    |    Current Node    |     Objective Bounds      |     Work
 Expl Unexpl |  Obj  Depth IntInf | Incumbent    BestBd   Gap | It/Node Time

     0     0  448.23724    0  230 2142.03139  448.23724  79.1%     -    0s
H    0     0                     743.9710093  448.23724  39.8%     -    0s
H    0     0                     458.0481729  448.23724  2.14%     -    0s
H    0     0                     458.0481472  448.23724  2.14%     -    0s
H    0     0                     455.0339268  448.23724  1.49%     -    0s
H    0     0                     452.5399650  448.23724  0.95%     -    0s
H    0     0                     451.3047500  448.23724  0.68%     -    0s
H    0     0                     450.5408567  448.23724  0.51%     -    0s
     0     0  448.86753    0  138  450.54086  448.86753  0.37%     -    0s
     0     0  448.86753    0   70  450.54086  448.86753  0.37%     -    0s
H    0     0                     450.5316445  448.86753  0.37%     -    0s
H    0     0                     449.3912109  448.86753  0.12%     -    0s
H    0     0                     449.1597893  448.86753  0.07%     -    0s

Cutting planes:
  Gomory: 1
  Zero half: 8

Explored 1 nodes (750 simplex iterations) in 1.00 seconds (0.20 work units)
Thread count was 12 (of 12 available processors)

Solution count 10: 449.16 449.391 450.532 ... 455.034

Optimal solution found (tolerance 1.00e-04)
Best objective 4.491597893054e+02, best bound 4.491182993702e+02, gap 0.0092%

Gurobi 13.0.2 (win64) logging started Tue Jul 28 13:51:12 2026

Set parameter LogFile to value "Logs/gurobi.log"
Set parameter TimeLimit to value 2.9967859609995503e+02
Gurobi Optimizer version 13.0.2 build v13.0.2rc1 (win64 - Windows 11+.0 (26200.2))

CPU model: 12th Gen Intel(R) Core(TM) i7-1255U, instruction set [SSE2|AVX|AVX2]
Thread count: 10 physical cores, 12 logical processors, using up to 12 threads

Non-default parameters:
TimeLimit  2.9967859609995503e+02

Academic license 2537843 - for non-commercial use only - registered to la___@ufmg.br
Optimize a model with 2531 rows, 13321 columns and 42361 nonzeros (Min)
Model fingerprint: 0xc4b048cf
Model has 13310 linear objective coefficients
Variable types: 0 continuous, 13321 integer (13321 binary)
Coefficient statistics:
  Matrix range     [1e+00, 1e+00]
  Objective range  [6e-02, 2e+03]
  Bounds range     [1e+00, 1e+00]
  RHS range        [1e+00, 5e+00]

Found heuristic solution: objective 2142.0313935
Presolve time: 0.12s
Presolved: 2531 rows, 13321 columns, 42361 nonzeros
Variable types: 0 continuous, 13321 integer (13321 binary)

Root relaxation: objective 4.482372e+02, 333 iterations, 0.04 seconds (0.01 work units)

    Nodes    |    Current Node    |     Objective Bounds      |     Work
 Expl Unexpl |  Obj  Depth IntInf | Incumbent    BestBd   Gap | It/Node Time

     0     0  448.23724    0  230 2142.03139  448.23724  79.1%     -    0s
H    0     0                     743.9710093  448.23724  39.8%     -    0s
H    0     0                     458.0481729  448.23724  2.14%     -    0s
H    0     0                     458.0481472  448.23724  2.14%     -    0s
H    0     0                     455.0339268  448.23724  1.49%     -    0s
H    0     0                     452.5399650  448.23724  0.95%     -    0s
H    0     0                     451.3047500  448.23724  0.68%     -    0s
H    0     0                     450.5408567  448.23724  0.51%     -    0s
     0     0  448.86753    0  138  450.54086  448.86753  0.37%     -    0s
     0     0  448.86753    0   70  450.54086  448.86753  0.37%     -    0s
H    0     0                     450.5316445  448.86753  0.37%     -    0s
H    0     0                     449.3912109  448.86753  0.12%     -    0s
H    0     0                     449.1597893  448.86753  0.07%     -    0s

Cutting planes:
  Gomory: 1
  Zero half: 8

Explored 1 nodes (750 simplex iterations) in 0.90 seconds (0.20 work units)
Thread count was 12 (of 12 available processors)

Solution count 10: 449.16 449.391 450.532 ... 455.034

Optimal solution found (tolerance 1.00e-04)
Best objective 4.491597893054e+02, best bound 4.491182993702e+02, gap 0.0092%

Gurobi 13.0.2 (win64) logging started Tue Jul 28 14:02:35 2026

Set parameter LogFile to value "Logs/gurobi.log"
Set parameter TimeLimit to value 2.9954182629997376e+02
Gurobi Optimizer version 13.0.2 build v13.0.2rc1 (win64 - Windows 11+.0 (26200.2))

CPU model: 12th Gen Intel(R) Core(TM) i7-1255U, instruction set [SSE2|AVX|AVX2]
Thread count: 10 physical cores, 12 logical processors, using up to 12 threads

Non-default parameters:
TimeLimit  2.9954182629997376e+02

Academic license 2537843 - for non-commercial use only - registered to la___@ufmg.br
Optimize a model with 2531 rows, 13321 columns and 42361 nonzeros (Min)
Model fingerprint: 0xc4b048cf
Model has 13310 linear objective coefficients
Variable types: 0 continuous, 13321 integer (13321 binary)
Coefficient statistics:
  Matrix range     [1e+00, 1e+00]
  Objective range  [6e-02, 2e+03]
  Bounds range     [1e+00, 1e+00]
  RHS range        [1e+00, 5e+00]

Found heuristic solution: objective 2142.0313935
Presolve time: 0.20s
Presolved: 2531 rows, 13321 columns, 42361 nonzeros
Variable types: 0 continuous, 13321 integer (13321 binary)

Root relaxation: objective 4.482372e+02, 333 iterations, 0.05 seconds (0.01 work units)

    Nodes    |    Current Node    |     Objective Bounds      |     Work
 Expl Unexpl |  Obj  Depth IntInf | Incumbent    BestBd   Gap | It/Node Time

     0     0  448.23724    0  230 2142.03139  448.23724  79.1%     -    0s
H    0     0                     743.9710093  448.23724  39.8%     -    0s
H    0     0                     458.0481729  448.23724  2.14%     -    0s
H    0     0                     458.0481472  448.23724  2.14%     -    0s
H    0     0                     455.0339268  448.23724  1.49%     -    0s
H    0     0                     452.5399650  448.23724  0.95%     -    0s
H    0     0                     451.3047500  448.23724  0.68%     -    0s
H    0     0                     450.5408567  448.23724  0.51%     -    0s
     0     0  448.86753    0  138  450.54086  448.86753  0.37%     -    0s
     0     0  448.86753    0   70  450.54086  448.86753  0.37%     -    1s
H    0     0                     450.5316445  448.86753  0.37%     -    1s
H    0     0                     449.3912109  448.86753  0.12%     -    1s
H    0     0                     449.1597893  448.86753  0.07%     -    1s

Cutting planes:
  Gomory: 1
  Zero half: 8

Explored 1 nodes (750 simplex iterations) in 1.04 seconds (0.20 work units)
Thread count was 12 (of 12 available processors)

Solution count 10: 449.16 449.391 450.532 ... 455.034

Optimal solution found (tolerance 1.00e-04)
Best objective 4.491597893054e+02, best bound 4.491182993702e+02, gap 0.0092%

Gurobi 13.0.2 (win64) logging started Tue Jul 28 14:13:01 2026

Set parameter LogFile to value "Logs/gurobi.log"
Set parameter TimeLimit to value 2.9986869839997962e+02
Gurobi Optimizer version 13.0.2 build v13.0.2rc1 (win64 - Windows 11+.0 (26200.2))

CPU model: 12th Gen Intel(R) Core(TM) i7-1255U, instruction set [SSE2|AVX|AVX2]
Thread count: 10 physical cores, 12 logical processors, using up to 12 threads

Non-default parameters:
TimeLimit  2.9986869839997962e+02

Academic license 2537843 - for non-commercial use only - registered to la___@ufmg.br
Optimize a model with 2531 rows, 13321 columns and 42361 nonzeros (Min)
Model fingerprint: 0xc4b048cf
Model has 13310 linear objective coefficients
Variable types: 0 continuous, 13321 integer (13321 binary)
Coefficient statistics:
  Matrix range     [1e+00, 1e+00]
  Objective range  [6e-02, 2e+03]
  Bounds range     [1e+00, 1e+00]
  RHS range        [1e+00, 5e+00]

Found heuristic solution: objective 2142.0313935
Presolve time: 0.04s
Presolved: 2531 rows, 13321 columns, 42361 nonzeros
Variable types: 0 continuous, 13321 integer (13321 binary)

Root relaxation: objective 4.482372e+02, 333 iterations, 0.01 seconds (0.01 work units)

    Nodes    |    Current Node    |     Objective Bounds      |     Work
 Expl Unexpl |  Obj  Depth IntInf | Incumbent    BestBd   Gap | It/Node Time

     0     0  448.23724    0  230 2142.03139  448.23724  79.1%     -    0s
H    0     0                     743.9710093  448.23724  39.8%     -    0s
H    0     0                     458.0481729  448.23724  2.14%     -    0s
H    0     0                     458.0481472  448.23724  2.14%     -    0s
H    0     0                     455.0339268  448.23724  1.49%     -    0s
H    0     0                     452.5399650  448.23724  0.95%     -    0s
H    0     0                     451.3047500  448.23724  0.68%     -    0s
H    0     0                     450.5408567  448.23724  0.51%     -    0s
     0     0  448.86753    0  138  450.54086  448.86753  0.37%     -    0s
     0     0  448.86753    0   70  450.54086  448.86753  0.37%     -    0s
H    0     0                     450.5316445  448.86753  0.37%     -    0s
H    0     0                     449.3912109  448.86753  0.12%     -    0s
H    0     0                     449.1597893  448.86753  0.07%     -    0s

Cutting planes:
  Gomory: 1
  Zero half: 8

Explored 1 nodes (750 simplex iterations) in 0.29 seconds (0.20 work units)
Thread count was 12 (of 12 available processors)

Solution count 10: 449.16 449.391 450.532 ... 455.034

Optimal solution found (tolerance 1.00e-04)
Best objective 4.491597893054e+02, best bound 4.491182993702e+02, gap 0.0092%

Gurobi 13.0.2 (win64) logging started Tue Jul 28 14:16:43 2026

Set parameter LogFile to value "Logs/gurobi.log"
Set parameter TimeLimit to value 2.9986608700000215e+02
Gurobi Optimizer version 13.0.2 build v13.0.2rc1 (win64 - Windows 11+.0 (26200.2))

CPU model: 12th Gen Intel(R) Core(TM) i7-1255U, instruction set [SSE2|AVX|AVX2]
Thread count: 10 physical cores, 12 logical processors, using up to 12 threads

Non-default parameters:
TimeLimit  2.9986608700000215e+02

Academic license 2537843 - for non-commercial use only - registered to la___@ufmg.br
Optimize a model with 2531 rows, 13321 columns and 42361 nonzeros (Min)
Model fingerprint: 0xc4b048cf
Model has 13310 linear objective coefficients
Variable types: 0 continuous, 13321 integer (13321 binary)
Coefficient statistics:
  Matrix range     [1e+00, 1e+00]
  Objective range  [6e-02, 2e+03]
  Bounds range     [1e+00, 1e+00]
  RHS range        [1e+00, 5e+00]

Found heuristic solution: objective 2142.0313935
Presolve time: 0.05s
Presolved: 2531 rows, 13321 columns, 42361 nonzeros
Variable types: 0 continuous, 13321 integer (13321 binary)

Root relaxation: objective 4.482372e+02, 333 iterations, 0.01 seconds (0.01 work units)

    Nodes    |    Current Node    |     Objective Bounds      |     Work
 Expl Unexpl |  Obj  Depth IntInf | Incumbent    BestBd   Gap | It/Node Time

     0     0  448.23724    0  230 2142.03139  448.23724  79.1%     -    0s
H    0     0                     743.9710093  448.23724  39.8%     -    0s
H    0     0                     458.0481729  448.23724  2.14%     -    0s
H    0     0                     458.0481472  448.23724  2.14%     -    0s
H    0     0                     455.0339268  448.23724  1.49%     -    0s
H    0     0                     452.5399650  448.23724  0.95%     -    0s
H    0     0                     451.3047500  448.23724  0.68%     -    0s
H    0     0                     450.5408567  448.23724  0.51%     -    0s
     0     0  448.86753    0  138  450.54086  448.86753  0.37%     -    0s
     0     0  448.86753    0   70  450.54086  448.86753  0.37%     -    0s
H    0     0                     450.5316445  448.86753  0.37%     -    0s
H    0     0                     449.3912109  448.86753  0.12%     -    0s
H    0     0                     449.1597893  448.86753  0.07%     -    0s

Cutting planes:
  Gomory: 1
  Zero half: 8

Explored 1 nodes (750 simplex iterations) in 0.30 seconds (0.20 work units)
Thread count was 12 (of 12 available processors)

Solution count 10: 449.16 449.391 450.532 ... 455.034

Optimal solution found (tolerance 1.00e-04)
Best objective 4.491597893054e+02, best bound 4.491182993702e+02, gap 0.0092%

Gurobi 13.0.2 (win64) logging started Tue Jul 28 14:35:34 2026

Set parameter LogFile to value "Logs/gurobi.log"
Set parameter TimeLimit to value 2.9986815719993319e+02
Gurobi Optimizer version 13.0.2 build v13.0.2rc1 (win64 - Windows 11+.0 (26200.2))

CPU model: 12th Gen Intel(R) Core(TM) i7-1255U, instruction set [SSE2|AVX|AVX2]
Thread count: 10 physical cores, 12 logical processors, using up to 12 threads

Non-default parameters:
TimeLimit  2.9986815719993319e+02

Academic license 2537843 - for non-commercial use only - registered to la___@ufmg.br
Optimize a model with 2531 rows, 13321 columns and 42361 nonzeros (Min)
Model fingerprint: 0xc4b048cf
Model has 13310 linear objective coefficients
Variable types: 0 continuous, 13321 integer (13321 binary)
Coefficient statistics:
  Matrix range     [1e+00, 1e+00]
  Objective range  [6e-02, 2e+03]
  Bounds range     [1e+00, 1e+00]
  RHS range        [1e+00, 5e+00]

Found heuristic solution: objective 2142.0313935
Presolve time: 0.05s
Presolved: 2531 rows, 13321 columns, 42361 nonzeros
Variable types: 0 continuous, 13321 integer (13321 binary)

Root relaxation: objective 4.482372e+02, 333 iterations, 0.01 seconds (0.01 work units)

    Nodes    |    Current Node    |     Objective Bounds      |     Work
 Expl Unexpl |  Obj  Depth IntInf | Incumbent    BestBd   Gap | It/Node Time

     0     0  448.23724    0  230 2142.03139  448.23724  79.1%     -    0s
H    0     0                     743.9710093  448.23724  39.8%     -    0s
H    0     0                     458.0481729  448.23724  2.14%     -    0s
H    0     0                     458.0481472  448.23724  2.14%     -    0s
H    0     0                     455.0339268  448.23724  1.49%     -    0s
H    0     0                     452.5399650  448.23724  0.95%     -    0s
H    0     0                     451.3047500  448.23724  0.68%     -    0s
H    0     0                     450.5408567  448.23724  0.51%     -    0s
     0     0  448.86753    0  138  450.54086  448.86753  0.37%     -    0s
     0     0  448.86753    0   70  450.54086  448.86753  0.37%     -    0s
H    0     0                     450.5316445  448.86753  0.37%     -    0s
H    0     0                     449.3912109  448.86753  0.12%     -    0s
H    0     0                     449.1597893  448.86753  0.07%     -    0s

Cutting planes:
  Gomory: 1
  Zero half: 8

Explored 1 nodes (750 simplex iterations) in 0.31 seconds (0.20 work units)
Thread count was 12 (of 12 available processors)

Solution count 10: 449.16 449.391 450.532 ... 455.034

Optimal solution found (tolerance 1.00e-04)
Best objective 4.491597893054e+02, best bound 4.491182993702e+02, gap 0.0092%

Gurobi 13.0.2 (win64) logging started Tue Jul 28 14:38:36 2026

Set parameter LogFile to value "Logs/gurobi.log"
Set parameter TimeLimit to value 2.9985872789996210e+02
Gurobi Optimizer version 13.0.2 build v13.0.2rc1 (win64 - Windows 11+.0 (26200.2))

CPU model: 12th Gen Intel(R) Core(TM) i7-1255U, instruction set [SSE2|AVX|AVX2]
Thread count: 10 physical cores, 12 logical processors, using up to 12 threads

Non-default parameters:
TimeLimit  2.9985872789996210e+02

Academic license 2537843 - for non-commercial use only - registered to la___@ufmg.br
Optimize a model with 2531 rows, 13321 columns and 42361 nonzeros (Min)
Model fingerprint: 0xc4b048cf
Model has 13310 linear objective coefficients
Variable types: 0 continuous, 13321 integer (13321 binary)
Coefficient statistics:
  Matrix range     [1e+00, 1e+00]
  Objective range  [6e-02, 2e+03]
  Bounds range     [1e+00, 1e+00]
  RHS range        [1e+00, 5e+00]

Found heuristic solution: objective 2142.0313935
Presolve time: 0.05s
Presolved: 2531 rows, 13321 columns, 42361 nonzeros
Variable types: 0 continuous, 13321 integer (13321 binary)

Root relaxation: objective 4.482372e+02, 333 iterations, 0.01 seconds (0.01 work units)

    Nodes    |    Current Node    |     Objective Bounds      |     Work
 Expl Unexpl |  Obj  Depth IntInf | Incumbent    BestBd   Gap | It/Node Time

     0     0  448.23724    0  230 2142.03139  448.23724  79.1%     -    0s
H    0     0                     743.9710093  448.23724  39.8%     -    0s
H    0     0                     458.0481729  448.23724  2.14%     -    0s
H    0     0                     458.0481472  448.23724  2.14%     -    0s
H    0     0                     455.0339268  448.23724  1.49%     -    0s
H    0     0                     452.5399650  448.23724  0.95%     -    0s
H    0     0                     451.3047500  448.23724  0.68%     -    0s
H    0     0                     450.5408567  448.23724  0.51%     -    0s
     0     0  448.86753    0  138  450.54086  448.86753  0.37%     -    0s
     0     0  448.86753    0   70  450.54086  448.86753  0.37%     -    0s
H    0     0                     450.5316445  448.86753  0.37%     -    0s
H    0     0                     449.3912109  448.86753  0.12%     -    0s
H    0     0                     449.1597893  448.86753  0.07%     -    0s

Cutting planes:
  Gomory: 1
  Zero half: 8

Explored 1 nodes (750 simplex iterations) in 0.30 seconds (0.20 work units)
Thread count was 12 (of 12 available processors)

Solution count 10: 449.16 449.391 450.532 ... 455.034

Optimal solution found (tolerance 1.00e-04)
Best objective 4.491597893054e+02, best bound 4.491182993702e+02, gap 0.0092%

Gurobi 13.0.2 (win64) logging started Tue Jul 28 14:38:52 2026

Set parameter LogFile to value "Logs/gurobi.log"
Set parameter TimeLimit to value 2.9987417329999153e+02
Gurobi Optimizer version 13.0.2 build v13.0.2rc1 (win64 - Windows 11+.0 (26200.2))

CPU model: 12th Gen Intel(R) Core(TM) i7-1255U, instruction set [SSE2|AVX|AVX2]
Thread count: 10 physical cores, 12 logical processors, using up to 12 threads

Non-default parameters:
TimeLimit  2.9987417329999153e+02

Academic license 2537843 - for non-commercial use only - registered to la___@ufmg.br
Optimize a model with 2531 rows, 13321 columns and 42361 nonzeros (Min)
Model fingerprint: 0xc4b048cf
Model has 13310 linear objective coefficients
Variable types: 0 continuous, 13321 integer (13321 binary)
Coefficient statistics:
  Matrix range     [1e+00, 1e+00]
  Objective range  [6e-02, 2e+03]
  Bounds range     [1e+00, 1e+00]
  RHS range        [1e+00, 5e+00]

Found heuristic solution: objective 2142.0313935
Presolve time: 0.04s
Presolved: 2531 rows, 13321 columns, 42361 nonzeros
Variable types: 0 continuous, 13321 integer (13321 binary)

Root relaxation: objective 4.482372e+02, 333 iterations, 0.00 seconds (0.01 work units)

    Nodes    |    Current Node    |     Objective Bounds      |     Work
 Expl Unexpl |  Obj  Depth IntInf | Incumbent    BestBd   Gap | It/Node Time

     0     0  448.23724    0  230 2142.03139  448.23724  79.1%     -    0s
H    0     0                     743.9710093  448.23724  39.8%     -    0s
H    0     0                     458.0481729  448.23724  2.14%     -    0s
H    0     0                     458.0481472  448.23724  2.14%     -    0s
H    0     0                     455.0339268  448.23724  1.49%     -    0s
H    0     0                     452.5399650  448.23724  0.95%     -    0s
H    0     0                     451.3047500  448.23724  0.68%     -    0s
H    0     0                     450.5408567  448.23724  0.51%     -    0s
     0     0  448.86753    0  138  450.54086  448.86753  0.37%     -    0s
     0     0  448.86753    0   70  450.54086  448.86753  0.37%     -    0s
H    0     0                     450.5316445  448.86753  0.37%     -    0s
H    0     0                     449.3912109  448.86753  0.12%     -    0s
H    0     0                     449.1597893  448.86753  0.07%     -    0s

Cutting planes:
  Gomory: 1
  Zero half: 8

Explored 1 nodes (750 simplex iterations) in 0.27 seconds (0.20 work units)
Thread count was 12 (of 12 available processors)

Solution count 10: 449.16 449.391 450.532 ... 455.034

Optimal solution found (tolerance 1.00e-04)
Best objective 4.491597893054e+02, best bound 4.491182993702e+02, gap 0.0092%

Gurobi 13.0.2 (win64) logging started Tue Jul 28 14:42:41 2026

Set parameter LogFile to value "Logs/gurobi.log"
Set parameter TimeLimit to value 2.9987401489994954e+02
Gurobi Optimizer version 13.0.2 build v13.0.2rc1 (win64 - Windows 11+.0 (26200.2))

CPU model: 12th Gen Intel(R) Core(TM) i7-1255U, instruction set [SSE2|AVX|AVX2]
Thread count: 10 physical cores, 12 logical processors, using up to 12 threads

Non-default parameters:
TimeLimit  2.9987401489994954e+02

Academic license 2537843 - for non-commercial use only - registered to la___@ufmg.br
Optimize a model with 2531 rows, 13321 columns and 42361 nonzeros (Min)
Model fingerprint: 0xc4b048cf
Model has 13310 linear objective coefficients
Variable types: 0 continuous, 13321 integer (13321 binary)
Coefficient statistics:
  Matrix range     [1e+00, 1e+00]
  Objective range  [6e-02, 2e+03]
  Bounds range     [1e+00, 1e+00]
  RHS range        [1e+00, 5e+00]

Found heuristic solution: objective 2142.0313935
Presolve time: 0.04s
Presolved: 2531 rows, 13321 columns, 42361 nonzeros
Variable types: 0 continuous, 13321 integer (13321 binary)

Root relaxation: objective 4.482372e+02, 333 iterations, 0.01 seconds (0.01 work units)

    Nodes    |    Current Node    |     Objective Bounds      |     Work
 Expl Unexpl |  Obj  Depth IntInf | Incumbent    BestBd   Gap | It/Node Time

     0     0  448.23724    0  230 2142.03139  448.23724  79.1%     -    0s
H    0     0                     743.9710093  448.23724  39.8%     -    0s
H    0     0                     458.0481729  448.23724  2.14%     -    0s
H    0     0                     458.0481472  448.23724  2.14%     -    0s
H    0     0                     455.0339268  448.23724  1.49%     -    0s
H    0     0                     452.5399650  448.23724  0.95%     -    0s
H    0     0                     451.3047500  448.23724  0.68%     -    0s
H    0     0                     450.5408567  448.23724  0.51%     -    0s
     0     0  448.86753    0  138  450.54086  448.86753  0.37%     -    0s
     0     0  448.86753    0   70  450.54086  448.86753  0.37%     -    0s
H    0     0                     450.5316445  448.86753  0.37%     -    0s
H    0     0                     449.3912109  448.86753  0.12%     -    0s
H    0     0                     449.1597893  448.86753  0.07%     -    0s

Cutting planes:
  Gomory: 1
  Zero half: 8

Explored 1 nodes (750 simplex iterations) in 0.27 seconds (0.20 work units)
Thread count was 12 (of 12 available processors)

Solution count 10: 449.16 449.391 450.532 ... 455.034

Optimal solution found (tolerance 1.00e-04)
Best objective 4.491597893054e+02, best bound 4.491182993702e+02, gap 0.0092%

Gurobi 13.0.2 (win64) logging started Tue Jul 28 14:44:54 2026

Set parameter LogFile to value "Logs/gurobi.log"
Set parameter TimeLimit to value 299.852047399967
Gurobi Optimizer version 13.0.2 build v13.0.2rc1 (win64 - Windows 11+.0 (26200.2))

CPU model: 12th Gen Intel(R) Core(TM) i7-1255U, instruction set [SSE2|AVX|AVX2]
Thread count: 10 physical cores, 12 logical processors, using up to 12 threads

Non-default parameters:
TimeLimit  299.852047399967

Academic license 2537843 - for non-commercial use only - registered to la___@ufmg.br
Optimize a model with 2531 rows, 13321 columns and 42361 nonzeros (Min)
Model fingerprint: 0xc4b048cf
Model has 13310 linear objective coefficients
Variable types: 0 continuous, 13321 integer (13321 binary)
Coefficient statistics:
  Matrix range     [1e+00, 1e+00]
  Objective range  [6e-02, 2e+03]
  Bounds range     [1e+00, 1e+00]
  RHS range        [1e+00, 5e+00]

Found heuristic solution: objective 2142.0313935
Presolve time: 0.05s
Presolved: 2531 rows, 13321 columns, 42361 nonzeros
Variable types: 0 continuous, 13321 integer (13321 binary)

Root relaxation: objective 4.482372e+02, 333 iterations, 0.01 seconds (0.01 work units)

    Nodes    |    Current Node    |     Objective Bounds      |     Work
 Expl Unexpl |  Obj  Depth IntInf | Incumbent    BestBd   Gap | It/Node Time

     0     0  448.23724    0  230 2142.03139  448.23724  79.1%     -    0s
H    0     0                     743.9710093  448.23724  39.8%     -    0s
H    0     0                     458.0481729  448.23724  2.14%     -    0s
H    0     0                     458.0481472  448.23724  2.14%     -    0s
H    0     0                     455.0339268  448.23724  1.49%     -    0s
H    0     0                     452.5399650  448.23724  0.95%     -    0s
H    0     0                     451.3047500  448.23724  0.68%     -    0s
H    0     0                     450.5408567  448.23724  0.51%     -    0s
     0     0  448.86753    0  138  450.54086  448.86753  0.37%     -    0s
     0     0  448.86753    0   70  450.54086  448.86753  0.37%     -    0s
H    0     0                     450.5316445  448.86753  0.37%     -    0s
H    0     0                     449.3912109  448.86753  0.12%     -    0s
H    0     0                     449.1597893  448.86753  0.07%     -    0s

Cutting planes:
  Gomory: 1
  Zero half: 8

Explored 1 nodes (750 simplex iterations) in 0.33 seconds (0.20 work units)
Thread count was 12 (of 12 available processors)

Solution count 10: 449.16 449.391 450.532 ... 455.034

Optimal solution found (tolerance 1.00e-04)
Best objective 4.491597893054e+02, best bound 4.491182993702e+02, gap 0.0092%

Gurobi 13.0.2 (win64) logging started Tue Jul 28 14:52:33 2026

Set parameter LogFile to value "Logs/gurobi.log"
Set parameter TimeLimit to value 2.9987101599993184e+02
Gurobi Optimizer version 13.0.2 build v13.0.2rc1 (win64 - Windows 11+.0 (26200.2))

CPU model: 12th Gen Intel(R) Core(TM) i7-1255U, instruction set [SSE2|AVX|AVX2]
Thread count: 10 physical cores, 12 logical processors, using up to 12 threads

Non-default parameters:
TimeLimit  2.9987101599993184e+02

Academic license 2537843 - for non-commercial use only - registered to la___@ufmg.br
Optimize a model with 2531 rows, 13321 columns and 42361 nonzeros (Min)
Model fingerprint: 0x36ec405c
Model has 13310 linear objective coefficients
Variable types: 0 continuous, 13321 integer (13321 binary)
Coefficient statistics:
  Matrix range     [1e+00, 1e+00]
  Objective range  [8e-03, 2e+02]
  Bounds range     [1e+00, 1e+00]
  RHS range        [1e+00, 5e+00]

Found heuristic solution: objective 482.4585344
Presolve time: 0.05s
Presolved: 2531 rows, 13321 columns, 42361 nonzeros
Variable types: 0 continuous, 13321 integer (13321 binary)

Root relaxation: objective 9.697794e+01, 351 iterations, 0.01 seconds (0.01 work units)

    Nodes    |    Current Node    |     Objective Bounds      |     Work
 Expl Unexpl |  Obj  Depth IntInf | Incumbent    BestBd   Gap | It/Node Time

     0     0   96.97794    0  230  482.45853   96.97794  79.9%     -    0s
H    0     0                     189.5138216   96.97794  48.8%     -    0s
H    0     0                     102.0158640   96.97794  4.94%     -    0s
H    0     0                     101.7045228   96.97794  4.65%     -    0s
H    0     0                      98.9416616   96.97794  1.98%     -    0s
H    0     0                      97.6823195   96.97794  0.72%     -    0s
H    0     0                      97.4407430   96.97794  0.47%     -    0s

Cutting planes:
  Gomory: 1
  Zero half: 29

Explored 1 nodes (447 simplex iterations) in 0.20 seconds (0.13 work units)
Thread count was 12 (of 12 available processors)

Solution count 7: 97.4407 97.6823 98.9417 ... 482.459

Optimal solution found (tolerance 1.00e-04)
Best objective 9.744074299457e+01, best bound 9.744074299457e+01, gap 0.0000%

Gurobi 13.0.2 (win64) logging started Tue Jul 28 14:52:57 2026

Set parameter LogFile to value "Logs/gurobi.log"
Set parameter TimeLimit to value 2.9987172610010020e+02
Gurobi Optimizer version 13.0.2 build v13.0.2rc1 (win64 - Windows 11+.0 (26200.2))

CPU model: 12th Gen Intel(R) Core(TM) i7-1255U, instruction set [SSE2|AVX|AVX2]
Thread count: 10 physical cores, 12 logical processors, using up to 12 threads

Non-default parameters:
TimeLimit  2.9987172610010020e+02

Academic license 2537843 - for non-commercial use only - registered to la___@ufmg.br
Optimize a model with 2531 rows, 13321 columns and 42361 nonzeros (Min)
Model fingerprint: 0x36ec405c
Model has 13310 linear objective coefficients
Variable types: 0 continuous, 13321 integer (13321 binary)
Coefficient statistics:
  Matrix range     [1e+00, 1e+00]
  Objective range  [8e-03, 2e+02]
  Bounds range     [1e+00, 1e+00]
  RHS range        [1e+00, 5e+00]

Found heuristic solution: objective 482.4585344
Presolve time: 0.05s
Presolved: 2531 rows, 13321 columns, 42361 nonzeros
Variable types: 0 continuous, 13321 integer (13321 binary)

Root relaxation: objective 9.697794e+01, 351 iterations, 0.01 seconds (0.01 work units)

    Nodes    |    Current Node    |     Objective Bounds      |     Work
 Expl Unexpl |  Obj  Depth IntInf | Incumbent    BestBd   Gap | It/Node Time

     0     0   96.97794    0  230  482.45853   96.97794  79.9%     -    0s
H    0     0                     189.5138216   96.97794  48.8%     -    0s
H    0     0                     102.0158640   96.97794  4.94%     -    0s
H    0     0                     101.7045228   96.97794  4.65%     -    0s
H    0     0                      98.9416616   96.97794  1.98%     -    0s
H    0     0                      97.6823195   96.97794  0.72%     -    0s
H    0     0                      97.4407430   96.97794  0.47%     -    0s

Cutting planes:
  Gomory: 1
  Zero half: 29

Explored 1 nodes (447 simplex iterations) in 0.19 seconds (0.13 work units)
Thread count was 12 (of 12 available processors)

Solution count 7: 97.4407 97.6823 98.9417 ... 482.459

Optimal solution found (tolerance 1.00e-04)
Best objective 9.744074299457e+01, best bound 9.744074299457e+01, gap 0.0000%

Gurobi 13.0.2 (win64) logging started Tue Jul 28 14:53:36 2026

Set parameter LogFile to value "Logs/gurobi.log"
Set parameter TimeLimit to value 2.9986435980000533e+02
Gurobi Optimizer version 13.0.2 build v13.0.2rc1 (win64 - Windows 11+.0 (26200.2))

CPU model: 12th Gen Intel(R) Core(TM) i7-1255U, instruction set [SSE2|AVX|AVX2]
Thread count: 10 physical cores, 12 logical processors, using up to 12 threads

Non-default parameters:
TimeLimit  2.9986435980000533e+02

Academic license 2537843 - for non-commercial use only - registered to la___@ufmg.br
Optimize a model with 2531 rows, 13321 columns and 42361 nonzeros (Min)
Model fingerprint: 0x36ec405c
Model has 13310 linear objective coefficients
Variable types: 0 continuous, 13321 integer (13321 binary)
Coefficient statistics:
  Matrix range     [1e+00, 1e+00]
  Objective range  [8e-03, 2e+02]
  Bounds range     [1e+00, 1e+00]
  RHS range        [1e+00, 5e+00]

Found heuristic solution: objective 482.4585344
Presolve time: 0.05s
Presolved: 2531 rows, 13321 columns, 42361 nonzeros
Variable types: 0 continuous, 13321 integer (13321 binary)

Root relaxation: objective 9.697794e+01, 351 iterations, 0.01 seconds (0.01 work units)

    Nodes    |    Current Node    |     Objective Bounds      |     Work
 Expl Unexpl |  Obj  Depth IntInf | Incumbent    BestBd   Gap | It/Node Time

     0     0   96.97794    0  230  482.45853   96.97794  79.9%     -    0s
H    0     0                     189.5138216   96.97794  48.8%     -    0s
H    0     0                     102.0158640   96.97794  4.94%     -    0s
H    0     0                     101.7045228   96.97794  4.65%     -    0s
H    0     0                      98.9416616   96.97794  1.98%     -    0s
H    0     0                      97.6823195   96.97794  0.72%     -    0s
H    0     0                      97.4407430   96.97794  0.47%     -    0s

Cutting planes:
  Gomory: 1
  Zero half: 29

Explored 1 nodes (447 simplex iterations) in 0.20 seconds (0.13 work units)
Thread count was 12 (of 12 available processors)

Solution count 7: 97.4407 97.6823 98.9417 ... 482.459

Optimal solution found (tolerance 1.00e-04)
Best objective 9.744074299457e+01, best bound 9.744074299457e+01, gap 0.0000%

Gurobi 13.0.2 (win64) logging started Tue Jul 28 14:54:01 2026

Set parameter LogFile to value "Logs/gurobi.log"
Set parameter TimeLimit to value 2.9986849949997850e+02
Gurobi Optimizer version 13.0.2 build v13.0.2rc1 (win64 - Windows 11+.0 (26200.2))

CPU model: 12th Gen Intel(R) Core(TM) i7-1255U, instruction set [SSE2|AVX|AVX2]
Thread count: 10 physical cores, 12 logical processors, using up to 12 threads

Non-default parameters:
TimeLimit  2.9986849949997850e+02

Academic license 2537843 - for non-commercial use only - registered to la___@ufmg.br
Optimize a model with 2531 rows, 13321 columns and 42361 nonzeros (Min)
Model fingerprint: 0x36ec405c
Model has 13310 linear objective coefficients
Variable types: 0 continuous, 13321 integer (13321 binary)
Coefficient statistics:
  Matrix range     [1e+00, 1e+00]
  Objective range  [8e-03, 2e+02]
  Bounds range     [1e+00, 1e+00]
  RHS range        [1e+00, 5e+00]

Found heuristic solution: objective 482.4585344
Presolve time: 0.04s
Presolved: 2531 rows, 13321 columns, 42361 nonzeros
Variable types: 0 continuous, 13321 integer (13321 binary)

Root relaxation: objective 9.697794e+01, 351 iterations, 0.01 seconds (0.01 work units)

    Nodes    |    Current Node    |     Objective Bounds      |     Work
 Expl Unexpl |  Obj  Depth IntInf | Incumbent    BestBd   Gap | It/Node Time

     0     0   96.97794    0  230  482.45853   96.97794  79.9%     -    0s
H    0     0                     189.5138216   96.97794  48.8%     -    0s
H    0     0                     102.0158640   96.97794  4.94%     -    0s
H    0     0                     101.7045228   96.97794  4.65%     -    0s
H    0     0                      98.9416616   96.97794  1.98%     -    0s
H    0     0                      97.6823195   96.97794  0.72%     -    0s
H    0     0                      97.4407430   96.97794  0.47%     -    0s

Cutting planes:
  Gomory: 1
  Zero half: 29

Explored 1 nodes (447 simplex iterations) in 0.18 seconds (0.13 work units)
Thread count was 12 (of 12 available processors)

Solution count 7: 97.4407 97.6823 98.9417 ... 482.459

Optimal solution found (tolerance 1.00e-04)
Best objective 9.744074299457e+01, best bound 9.744074299457e+01, gap 0.0000%

Gurobi 13.0.2 (win64) logging started Tue Jul 28 14:55:17 2026

Set parameter LogFile to value "Logs/gurobi.log"
Set parameter TimeLimit to value 2.9988406599999871e+02
Gurobi Optimizer version 13.0.2 build v13.0.2rc1 (win64 - Windows 11+.0 (26200.2))

CPU model: 12th Gen Intel(R) Core(TM) i7-1255U, instruction set [SSE2|AVX|AVX2]
Thread count: 10 physical cores, 12 logical processors, using up to 12 threads

Non-default parameters:
TimeLimit  2.9988406599999871e+02

Academic license 2537843 - for non-commercial use only - registered to la___@ufmg.br
Optimize a model with 2531 rows, 13321 columns and 42361 nonzeros (Min)
Model fingerprint: 0x36ec405c
Model has 13310 linear objective coefficients
Variable types: 0 continuous, 13321 integer (13321 binary)
Coefficient statistics:
  Matrix range     [1e+00, 1e+00]
  Objective range  [8e-03, 2e+02]
  Bounds range     [1e+00, 1e+00]
  RHS range        [1e+00, 5e+00]

Found heuristic solution: objective 482.4585344
Presolve time: 0.03s
Presolved: 2531 rows, 13321 columns, 42361 nonzeros
Variable types: 0 continuous, 13321 integer (13321 binary)

Root relaxation: objective 9.697794e+01, 351 iterations, 0.01 seconds (0.01 work units)

    Nodes    |    Current Node    |     Objective Bounds      |     Work
 Expl Unexpl |  Obj  Depth IntInf | Incumbent    BestBd   Gap | It/Node Time

     0     0   96.97794    0  230  482.45853   96.97794  79.9%     -    0s
H    0     0                     189.5138216   96.97794  48.8%     -    0s
H    0     0                     102.0158640   96.97794  4.94%     -    0s
H    0     0                     101.7045228   96.97794  4.65%     -    0s
H    0     0                      98.9416616   96.97794  1.98%     -    0s
H    0     0                      97.6823195   96.97794  0.72%     -    0s
H    0     0                      97.4407430   96.97794  0.47%     -    0s

Cutting planes:
  Gomory: 1
  Zero half: 29

Explored 1 nodes (447 simplex iterations) in 0.16 seconds (0.13 work units)
Thread count was 12 (of 12 available processors)

Solution count 7: 97.4407 97.6823 98.9417 ... 482.459

Optimal solution found (tolerance 1.00e-04)
Best objective 9.744074299457e+01, best bound 9.744074299457e+01, gap 0.0000%

Gurobi 13.0.2 (win64) logging started Tue Jul 28 14:55:17 2026

Set parameter LogFile to value "Logs/gurobi.log"
Set parameter TimeLimit to value 2.9988190499995835e+02
Gurobi Optimizer version 13.0.2 build v13.0.2rc1 (win64 - Windows 11+.0 (26200.2))

CPU model: 12th Gen Intel(R) Core(TM) i7-1255U, instruction set [SSE2|AVX|AVX2]
Thread count: 10 physical cores, 12 logical processors, using up to 12 threads

Non-default parameters:
TimeLimit  2.9988190499995835e+02

Academic license 2537843 - for non-commercial use only - registered to la___@ufmg.br
Optimize a model with 2531 rows, 13321 columns and 42361 nonzeros (Min)
Model fingerprint: 0x36ec405c
Model has 13310 linear objective coefficients
Variable types: 0 continuous, 13321 integer (13321 binary)
Coefficient statistics:
  Matrix range     [1e+00, 1e+00]
  Objective range  [8e-03, 2e+02]
  Bounds range     [1e+00, 1e+00]
  RHS range        [1e+00, 5e+00]

Found heuristic solution: objective 482.4585344
Presolve time: 0.05s
Presolved: 2531 rows, 13321 columns, 42361 nonzeros
Variable types: 0 continuous, 13321 integer (13321 binary)

Root relaxation: objective 9.697794e+01, 351 iterations, 0.01 seconds (0.01 work units)

    Nodes    |    Current Node    |     Objective Bounds      |     Work
 Expl Unexpl |  Obj  Depth IntInf | Incumbent    BestBd   Gap | It/Node Time

     0     0   96.97794    0  230  482.45853   96.97794  79.9%     -    0s
H    0     0                     189.5138216   96.97794  48.8%     -    0s
H    0     0                     102.0158640   96.97794  4.94%     -    0s
H    0     0                     101.7045228   96.97794  4.65%     -    0s
H    0     0                      98.9416616   96.97794  1.98%     -    0s
H    0     0                      97.6823195   96.97794  0.72%     -    0s
H    0     0                      97.4407430   96.97794  0.47%     -    0s

Cutting planes:
  Gomory: 1
  Zero half: 29

Explored 1 nodes (447 simplex iterations) in 0.34 seconds (0.13 work units)
Thread count was 12 (of 12 available processors)

Solution count 7: 97.4407 97.6823 98.9417 ... 482.459

Optimal solution found (tolerance 1.00e-04)
Best objective 9.744074299457e+01, best bound 9.744074299457e+01, gap 0.0000%

Gurobi 13.0.2 (win64) logging started Tue Jul 28 14:58:30 2026

Set parameter LogFile to value "Logs/gurobi.log"
Set parameter TimeLimit to value 2.9956192630005535e+02
Gurobi Optimizer version 13.0.2 build v13.0.2rc1 (win64 - Windows 11+.0 (26200.2))

CPU model: 12th Gen Intel(R) Core(TM) i7-1255U, instruction set [SSE2|AVX|AVX2]
Thread count: 10 physical cores, 12 logical processors, using up to 12 threads

Non-default parameters:
TimeLimit  2.9956192630005535e+02

Academic license 2537843 - for non-commercial use only - registered to la___@ufmg.br
Optimize a model with 2531 rows, 13321 columns and 42361 nonzeros (Min)
Model fingerprint: 0x36ec405c
Model has 13310 linear objective coefficients
Variable types: 0 continuous, 13321 integer (13321 binary)
Coefficient statistics:
  Matrix range     [1e+00, 1e+00]
  Objective range  [8e-03, 2e+02]
  Bounds range     [1e+00, 1e+00]
  RHS range        [1e+00, 5e+00]

Found heuristic solution: objective 482.4585344
Presolve time: 0.17s
Presolved: 2531 rows, 13321 columns, 42361 nonzeros
Variable types: 0 continuous, 13321 integer (13321 binary)

Root relaxation: objective 9.697794e+01, 351 iterations, 0.04 seconds (0.01 work units)

    Nodes    |    Current Node    |     Objective Bounds      |     Work
 Expl Unexpl |  Obj  Depth IntInf | Incumbent    BestBd   Gap | It/Node Time

     0     0   96.97794    0  230  482.45853   96.97794  79.9%     -    0s
H    0     0                     189.5138216   96.97794  48.8%     -    0s
H    0     0                     102.0158640   96.97794  4.94%     -    0s
H    0     0                     101.7045228   96.97794  4.65%     -    0s
H    0     0                      98.9416616   96.97794  1.98%     -    0s
H    0     0                      97.6823195   96.97794  0.72%     -    0s
H    0     0                      97.4407430   96.97794  0.47%     -    0s

Cutting planes:
  Gomory: 1
  Zero half: 29

Explored 1 nodes (447 simplex iterations) in 0.90 seconds (0.13 work units)
Thread count was 12 (of 12 available processors)

Solution count 7: 97.4407 97.6823 98.9417 ... 482.459

Optimal solution found (tolerance 1.00e-04)
Best objective 9.744074299457e+01, best bound 9.744074299457e+01, gap 0.0000%

Gurobi 13.0.2 (win64) logging started Tue Jul 28 15:01:25 2026

Set parameter LogFile to value "Logs/gurobi.log"
Set parameter TimeLimit to value 2.9944846920005511e+02
Gurobi Optimizer version 13.0.2 build v13.0.2rc1 (win64 - Windows 11+.0 (26200.2))

CPU model: 12th Gen Intel(R) Core(TM) i7-1255U, instruction set [SSE2|AVX|AVX2]
Thread count: 10 physical cores, 12 logical processors, using up to 12 threads

Non-default parameters:
TimeLimit  2.9944846920005511e+02

Academic license 2537843 - for non-commercial use only - registered to la___@ufmg.br
Optimize a model with 2531 rows, 13321 columns and 42361 nonzeros (Min)
Model fingerprint: 0x36ec405c
Model has 13310 linear objective coefficients
Variable types: 0 continuous, 13321 integer (13321 binary)
Coefficient statistics:
  Matrix range     [1e+00, 1e+00]
  Objective range  [8e-03, 2e+02]
  Bounds range     [1e+00, 1e+00]
  RHS range        [1e+00, 5e+00]

Found heuristic solution: objective 482.4585344
Presolve time: 0.21s
Presolved: 2531 rows, 13321 columns, 42361 nonzeros
Variable types: 0 continuous, 13321 integer (13321 binary)

Root relaxation: objective 9.697794e+01, 351 iterations, 0.04 seconds (0.01 work units)

    Nodes    |    Current Node    |     Objective Bounds      |     Work
 Expl Unexpl |  Obj  Depth IntInf | Incumbent    BestBd   Gap | It/Node Time

     0     0   96.97794    0  230  482.45853   96.97794  79.9%     -    0s
H    0     0                     189.5138216   96.97794  48.8%     -    0s
H    0     0                     102.0158640   96.97794  4.94%     -    0s
H    0     0                     101.7045228   96.97794  4.65%     -    0s
H    0     0                      98.9416616   96.97794  1.98%     -    0s
H    0     0                      97.6823195   96.97794  0.72%     -    0s
H    0     0                      97.4407430   96.97794  0.47%     -    0s

Cutting planes:
  Gomory: 1
  Zero half: 29

Explored 1 nodes (447 simplex iterations) in 0.87 seconds (0.13 work units)
Thread count was 12 (of 12 available processors)

Solution count 7: 97.4407 97.6823 98.9417 ... 482.459

Optimal solution found (tolerance 1.00e-04)
Best objective 9.744074299457e+01, best bound 9.744074299457e+01, gap 0.0000%

Gurobi 13.0.2 (win64) logging started Tue Jul 28 15:04:04 2026

Set parameter LogFile to value "Logs/gurobi.log"
Set parameter TimeLimit to value 2.9964777920010965e+02
Gurobi Optimizer version 13.0.2 build v13.0.2rc1 (win64 - Windows 11+.0 (26200.2))

CPU model: 12th Gen Intel(R) Core(TM) i7-1255U, instruction set [SSE2|AVX|AVX2]
Thread count: 10 physical cores, 12 logical processors, using up to 12 threads

Non-default parameters:
TimeLimit  2.9964777920010965e+02

Academic license 2537843 - for non-commercial use only - registered to la___@ufmg.br
Optimize a model with 2531 rows, 13321 columns and 42361 nonzeros (Min)
Model fingerprint: 0x36ec405c
Model has 13310 linear objective coefficients
Variable types: 0 continuous, 13321 integer (13321 binary)
Coefficient statistics:
  Matrix range     [1e+00, 1e+00]
  Objective range  [8e-03, 2e+02]
  Bounds range     [1e+00, 1e+00]
  RHS range        [1e+00, 5e+00]

Found heuristic solution: objective 482.4585344
Presolve time: 0.13s
Presolved: 2531 rows, 13321 columns, 42361 nonzeros
Variable types: 0 continuous, 13321 integer (13321 binary)

Root relaxation: objective 9.697794e+01, 351 iterations, 0.03 seconds (0.01 work units)

    Nodes    |    Current Node    |     Objective Bounds      |     Work
 Expl Unexpl |  Obj  Depth IntInf | Incumbent    BestBd   Gap | It/Node Time

     0     0   96.97794    0  230  482.45853   96.97794  79.9%     -    0s
H    0     0                     189.5138216   96.97794  48.8%     -    0s
H    0     0                     102.0158640   96.97794  4.94%     -    0s
H    0     0                     101.7045228   96.97794  4.65%     -    0s
H    0     0                      98.9416616   96.97794  1.98%     -    0s
H    0     0                      97.6823195   96.97794  0.72%     -    0s
H    0     0                      97.4407430   96.97794  0.47%     -    0s

Cutting planes:
  Gomory: 1
  Zero half: 29

Explored 1 nodes (447 simplex iterations) in 0.73 seconds (0.13 work units)
Thread count was 12 (of 12 available processors)

Solution count 7: 97.4407 97.6823 98.9417 ... 482.459

Optimal solution found (tolerance 1.00e-04)
Best objective 9.744074299457e+01, best bound 9.744074299457e+01, gap 0.0000%

Gurobi 13.0.2 (win64) logging started Tue Jul 28 15:06:47 2026

Set parameter LogFile to value "Logs/gurobi.log"
Set parameter TimeLimit to value 2.9952410859998781e+02
Gurobi Optimizer version 13.0.2 build v13.0.2rc1 (win64 - Windows 11+.0 (26200.2))

CPU model: 12th Gen Intel(R) Core(TM) i7-1255U, instruction set [SSE2|AVX|AVX2]
Thread count: 10 physical cores, 12 logical processors, using up to 12 threads

Non-default parameters:
TimeLimit  2.9952410859998781e+02

Academic license 2537843 - for non-commercial use only - registered to la___@ufmg.br
Optimize a model with 2531 rows, 13321 columns and 42361 nonzeros (Min)
Model fingerprint: 0x36ec405c
Model has 13310 linear objective coefficients
Variable types: 0 continuous, 13321 integer (13321 binary)
Coefficient statistics:
  Matrix range     [1e+00, 1e+00]
  Objective range  [8e-03, 2e+02]
  Bounds range     [1e+00, 1e+00]
  RHS range        [1e+00, 5e+00]

Found heuristic solution: objective 482.4585344
Presolve time: 0.19s
Presolved: 2531 rows, 13321 columns, 42361 nonzeros
Variable types: 0 continuous, 13321 integer (13321 binary)

Root relaxation: objective 9.697794e+01, 351 iterations, 0.03 seconds (0.01 work units)

    Nodes    |    Current Node    |     Objective Bounds      |     Work
 Expl Unexpl |  Obj  Depth IntInf | Incumbent    BestBd   Gap | It/Node Time

     0     0   96.97794    0  230  482.45853   96.97794  79.9%     -    0s
H    0     0                     189.5138216   96.97794  48.8%     -    0s
H    0     0                     102.0158640   96.97794  4.94%     -    0s
H    0     0                     101.7045228   96.97794  4.65%     -    0s
H    0     0                      98.9416616   96.97794  1.98%     -    0s
H    0     0                      97.6823195   96.97794  0.72%     -    0s
H    0     0                      97.4407430   96.97794  0.47%     -    0s

Cutting planes:
  Gomory: 1
  Zero half: 29

Explored 1 nodes (447 simplex iterations) in 0.86 seconds (0.13 work units)
Thread count was 12 (of 12 available processors)

Solution count 7: 97.4407 97.6823 98.9417 ... 482.459

Optimal solution found (tolerance 1.00e-04)
Best objective 9.744074299457e+01, best bound 9.744074299457e+01, gap 0.0000%

Gurobi 13.0.2 (win64) logging started Tue Jul 28 15:21:33 2026

Set parameter LogFile to value "Logs/gurobi.log"
Set parameter TimeLimit to value 2.9925143730000127e+02
Gurobi Optimizer version 13.0.2 build v13.0.2rc1 (win64 - Windows 11+.0 (26200.2))

CPU model: 12th Gen Intel(R) Core(TM) i7-1255U, instruction set [SSE2|AVX|AVX2]
Thread count: 10 physical cores, 12 logical processors, using up to 12 threads

Non-default parameters:
TimeLimit  2.9925143730000127e+02

Academic license 2537843 - for non-commercial use only - registered to la___@ufmg.br
Optimize a model with 2531 rows, 13321 columns and 42361 nonzeros (Min)
Model fingerprint: 0x9fcec24b
Model has 13310 linear objective coefficients
Variable types: 0 continuous, 13321 integer (13321 binary)
Coefficient statistics:
  Matrix range     [1e+00, 1e+00]
  Objective range  [8e-03, 2e+02]
  Bounds range     [1e+00, 1e+00]
  RHS range        [1e+00, 5e+00]

Found heuristic solution: objective 585.7030497
Presolve time: 0.21s
Presolved: 2531 rows, 13321 columns, 42361 nonzeros
Variable types: 0 continuous, 13321 integer (13321 binary)

Root relaxation: objective 1.083797e+02, 562 iterations, 0.11 seconds (0.02 work units)

    Nodes    |    Current Node    |     Objective Bounds      |     Work
 Expl Unexpl |  Obj  Depth IntInf | Incumbent    BestBd   Gap | It/Node Time

*    0     0               0     108.3796970  108.37970  0.00%     -    0s

Explored 1 nodes (562 simplex iterations) in 0.47 seconds (0.08 work units)
Thread count was 12 (of 12 available processors)

Solution count 2: 108.38 585.703 

Optimal solution found (tolerance 1.00e-04)
Best objective 1.083796970066e+02, best bound 1.083796970066e+02, gap 0.0000%

Gurobi 13.0.2 (win64) logging started Fri Aug 14 09:13:35 2026

Set parameter LogFile to value "Logs/gurobi.log"
Set parameter TimeLimit to value 2.9862588089995552e+02
Gurobi Optimizer version 13.0.2 build v13.0.2rc1 (win64 - Windows 11+.0 (26200.2))

CPU model: 12th Gen Intel(R) Core(TM) i7-1255U, instruction set [SSE2|AVX|AVX2]
Thread count: 10 physical cores, 12 logical processors, using up to 12 threads

Non-default parameters:
TimeLimit  2.9862588089995552e+02

Academic license 2537843 - for non-commercial use only - registered to la___@ufmg.br
Optimize a model with 2531 rows, 13321 columns and 42361 nonzeros (Min)
Model fingerprint: 0x2239f7ba
Model has 13310 linear objective coefficients
Variable types: 0 continuous, 13321 integer (13321 binary)
Coefficient statistics:
  Matrix range     [1e+00, 1e+00]
  Objective range  [5e+01, 1e+07]
  Bounds range     [1e+00, 1e+00]
  RHS range        [1e+00, 5e+00]

Found heuristic solution: objective 2.040529e+07
Presolve time: 0.17s
Presolved: 2531 rows, 13321 columns, 42361 nonzeros
Variable types: 0 continuous, 13321 integer (13321 binary)

Root relaxation: objective 1.162180e+06, 237 iterations, 0.03 seconds (0.01 work units)

    Nodes    |    Current Node    |     Objective Bounds      |     Work
 Expl Unexpl |  Obj  Depth IntInf | Incumbent    BestBd   Gap | It/Node Time

*    0     0               0    1162180.2960 1162180.30  0.00%     -    0s

Explored 1 nodes (237 simplex iterations) in 0.35 seconds (0.06 work units)
Thread count was 12 (of 12 available processors)

Solution count 2: 1.16218e+06 2.04053e+07 

Optimal solution found (tolerance 1.00e-04)
Best objective 1.162180296041e+06, best bound 1.162180296041e+06, gap 0.0000%

Gurobi 13.0.2 (win64) logging started Fri Aug 14 09:20:13 2026

Set parameter LogFile to value "Logs/gurobi.log"
Set parameter TimeLimit to value 2.9971151330001885e+02
Gurobi Optimizer version 13.0.2 build v13.0.2rc1 (win64 - Windows 11+.0 (26200.2))

CPU model: 12th Gen Intel(R) Core(TM) i7-1255U, instruction set [SSE2|AVX|AVX2]
Thread count: 10 physical cores, 12 logical processors, using up to 12 threads

Non-default parameters:
TimeLimit  2.9971151330001885e+02

Academic license 2537843 - for non-commercial use only - registered to la___@ufmg.br
Optimize a model with 2531 rows, 13321 columns and 42361 nonzeros (Min)
Model fingerprint: 0x2239f7ba
Model has 13310 linear objective coefficients
Variable types: 0 continuous, 13321 integer (13321 binary)
Coefficient statistics:
  Matrix range     [1e+00, 1e+00]
  Objective range  [5e+01, 1e+07]
  Bounds range     [1e+00, 1e+00]
  RHS range        [1e+00, 5e+00]

Found heuristic solution: objective 2.040529e+07
Presolve time: 0.13s
Presolved: 2531 rows, 13321 columns, 42361 nonzeros
Variable types: 0 continuous, 13321 integer (13321 binary)

Root relaxation: objective 1.162180e+06, 237 iterations, 0.01 seconds (0.01 work units)

    Nodes    |    Current Node    |     Objective Bounds      |     Work
 Expl Unexpl |  Obj  Depth IntInf | Incumbent    BestBd   Gap | It/Node Time

*    0     0               0    1162180.2960 1162180.30  0.00%     -    0s

Explored 1 nodes (237 simplex iterations) in 0.22 seconds (0.06 work units)
Thread count was 12 (of 12 available processors)

Solution count 2: 1.16218e+06 2.04053e+07 

Optimal solution found (tolerance 1.00e-04)
Best objective 1.162180296041e+06, best bound 1.162180296041e+06, gap 0.0000%

Gurobi 13.0.2 (win64) logging started Fri Aug 14 09:24:47 2026

Set parameter LogFile to value "Logs/gurobi.log"
Set parameter TimeLimit to value 299.764340099995
Gurobi Optimizer version 13.0.2 build v13.0.2rc1 (win64 - Windows 11+.0 (26200.2))

CPU model: 12th Gen Intel(R) Core(TM) i7-1255U, instruction set [SSE2|AVX|AVX2]
Thread count: 10 physical cores, 12 logical processors, using up to 12 threads

Non-default parameters:
TimeLimit  299.764340099995

Academic license 2537843 - for non-commercial use only - registered to la___@ufmg.br
Optimize a model with 1891 rows, 9010 columns and 28810 nonzeros (Min)
Model fingerprint: 0x8e4afce6
Model has 9000 linear objective coefficients
Variable types: 0 continuous, 9010 integer (9010 binary)
Coefficient statistics:
  Matrix range     [1e+00, 1e+00]
  Objective range  [5e+01, 2e+07]
  Bounds range     [1e+00, 1e+00]
  RHS range        [1e+00, 4e+00]

Found heuristic solution: objective 4.108268e+07
Presolve time: 0.07s
Presolved: 1891 rows, 9010 columns, 28810 nonzeros
Variable types: 0 continuous, 9010 integer (9010 binary)

Root relaxation: objective 1.138821e+06, 184 iterations, 0.03 seconds (0.01 work units)

    Nodes    |    Current Node    |     Objective Bounds      |     Work
 Expl Unexpl |  Obj  Depth IntInf | Incumbent    BestBd   Gap | It/Node Time

*    0     0               0    1138821.0892 1138821.09  0.00%     -    0s

Explored 1 nodes (184 simplex iterations) in 0.18 seconds (0.04 work units)
Thread count was 12 (of 12 available processors)

Solution count 2: 1.13882e+06 4.10827e+07 

Optimal solution found (tolerance 1.00e-04)
Best objective 1.138821089182e+06, best bound 1.138821089182e+06, gap 0.0000%

Gurobi 13.0.2 (win64) logging started Fri Aug 14 09:25:05 2026

Set parameter LogFile to value "Logs/gurobi.log"
Set parameter TimeLimit to value 2.9976030839997111e+02
Gurobi Optimizer version 13.0.2 build v13.0.2rc1 (win64 - Windows 11+.0 (26200.2))

CPU model: 12th Gen Intel(R) Core(TM) i7-1255U, instruction set [SSE2|AVX|AVX2]
Thread count: 10 physical cores, 12 logical processors, using up to 12 threads

Non-default parameters:
TimeLimit  2.9976030839997111e+02

Academic license 2537843 - for non-commercial use only - registered to la___@ufmg.br
Optimize a model with 1891 rows, 9010 columns and 28810 nonzeros (Min)
Model fingerprint: 0x857685b4
Model has 9000 linear objective coefficients
Variable types: 0 continuous, 9010 integer (9010 binary)
Coefficient statistics:
  Matrix range     [1e+00, 1e+00]
  Objective range  [5e+01, 4e+07]
  Bounds range     [1e+00, 1e+00]
  RHS range        [1e+00, 3e+00]

Found heuristic solution: objective 8.175061e+07
Presolve time: 0.08s
Presolved: 1891 rows, 9010 columns, 28810 nonzeros
Variable types: 0 continuous, 9010 integer (9010 binary)

Root relaxation: objective 1.145676e+06, 236 iterations, 0.01 seconds (0.01 work units)

    Nodes    |    Current Node    |     Objective Bounds      |     Work
 Expl Unexpl |  Obj  Depth IntInf | Incumbent    BestBd   Gap | It/Node Time

*    0     0               0    1145675.7894 1145675.79  0.00%     -    0s

Explored 1 nodes (236 simplex iterations) in 0.22 seconds (0.04 work units)
Thread count was 12 (of 12 available processors)

Solution count 2: 1.14568e+06 8.17506e+07 

Optimal solution found (tolerance 1.00e-04)
Best objective 1.145675789436e+06, best bound 1.145675789436e+06, gap 0.0000%

Gurobi 13.0.2 (win64) logging started Fri Aug 14 09:36:10 2026

Set parameter LogFile to value "Logs/gurobi.log"
Set parameter TimeLimit to value 2.9970270810002694e+02
Gurobi Optimizer version 13.0.2 build v13.0.2rc1 (win64 - Windows 11+.0 (26200.2))

CPU model: 12th Gen Intel(R) Core(TM) i7-1255U, instruction set [SSE2|AVX|AVX2]
Thread count: 10 physical cores, 12 logical processors, using up to 12 threads

Non-default parameters:
TimeLimit  2.9970270810002694e+02

Academic license 2537843 - for non-commercial use only - registered to la___@ufmg.br
Optimize a model with 2531 rows, 13321 columns and 42361 nonzeros (Min)
Model fingerprint: 0x2239f7ba
Model has 13310 linear objective coefficients
Variable types: 0 continuous, 13321 integer (13321 binary)
Coefficient statistics:
  Matrix range     [1e+00, 1e+00]
  Objective range  [5e+01, 1e+07]
  Bounds range     [1e+00, 1e+00]
  RHS range        [1e+00, 5e+00]

Found heuristic solution: objective 2.040529e+07
Presolve time: 0.10s
Presolved: 2531 rows, 13321 columns, 42361 nonzeros
Variable types: 0 continuous, 13321 integer (13321 binary)

Root relaxation: objective 1.162180e+06, 237 iterations, 0.01 seconds (0.01 work units)

    Nodes    |    Current Node    |     Objective Bounds      |     Work
 Expl Unexpl |  Obj  Depth IntInf | Incumbent    BestBd   Gap | It/Node Time

*    0     0               0    1162180.2960 1162180.30  0.00%     -    0s

Explored 1 nodes (237 simplex iterations) in 0.18 seconds (0.06 work units)
Thread count was 12 (of 12 available processors)

Solution count 2: 1.16218e+06 2.04053e+07 

Optimal solution found (tolerance 1.00e-04)
Best objective 1.162180296041e+06, best bound 1.162180296041e+06, gap 0.0000%

Gurobi 13.0.2 (win64) logging started Fri Aug 14 09:40:15 2026

Set parameter LogFile to value "Logs/gurobi.log"
Set parameter TimeLimit to value 2.9977147490001516e+02
Gurobi Optimizer version 13.0.2 build v13.0.2rc1 (win64 - Windows 11+.0 (26200.2))

CPU model: 12th Gen Intel(R) Core(TM) i7-1255U, instruction set [SSE2|AVX|AVX2]
Thread count: 10 physical cores, 12 logical processors, using up to 12 threads

Non-default parameters:
TimeLimit  2.9977147490001516e+02

Academic license 2537843 - for non-commercial use only - registered to la___@ufmg.br
Optimize a model with 2531 rows, 13321 columns and 42361 nonzeros (Min)
Model fingerprint: 0x2239f7ba
Model has 13310 linear objective coefficients
Variable types: 0 continuous, 13321 integer (13321 binary)
Coefficient statistics:
  Matrix range     [1e+00, 1e+00]
  Objective range  [5e+01, 1e+07]
  Bounds range     [1e+00, 1e+00]
  RHS range        [1e+00, 5e+00]

Found heuristic solution: objective 2.040529e+07
Presolve time: 0.09s
Presolved: 2531 rows, 13321 columns, 42361 nonzeros
Variable types: 0 continuous, 13321 integer (13321 binary)

Root relaxation: objective 1.162180e+06, 237 iterations, 0.01 seconds (0.01 work units)

    Nodes    |    Current Node    |     Objective Bounds      |     Work
 Expl Unexpl |  Obj  Depth IntInf | Incumbent    BestBd   Gap | It/Node Time

*    0     0               0    1162180.2960 1162180.30  0.00%     -    0s

Explored 1 nodes (237 simplex iterations) in 0.15 seconds (0.06 work units)
Thread count was 12 (of 12 available processors)

Solution count 2: 1.16218e+06 2.04053e+07 

Optimal solution found (tolerance 1.00e-04)
Best objective 1.162180296041e+06, best bound 1.162180296041e+06, gap 0.0000%

Gurobi 13.0.2 (win64) logging started Fri Aug 14 09:40:48 2026

Set parameter LogFile to value "Logs/gurobi.log"
Set parameter TimeLimit to value 2.9970392140001059e+02
Gurobi Optimizer version 13.0.2 build v13.0.2rc1 (win64 - Windows 11+.0 (26200.2))

CPU model: 12th Gen Intel(R) Core(TM) i7-1255U, instruction set [SSE2|AVX|AVX2]
Thread count: 10 physical cores, 12 logical processors, using up to 12 threads

Non-default parameters:
TimeLimit  2.9970392140001059e+02

Academic license 2537843 - for non-commercial use only - registered to la___@ufmg.br
Optimize a model with 2531 rows, 13321 columns and 42361 nonzeros (Min)
Model fingerprint: 0x2239f7ba
Model has 13310 linear objective coefficients
Variable types: 0 continuous, 13321 integer (13321 binary)
Coefficient statistics:
  Matrix range     [1e+00, 1e+00]
  Objective range  [5e+01, 1e+07]
  Bounds range     [1e+00, 1e+00]
  RHS range        [1e+00, 5e+00]

Found heuristic solution: objective 2.040529e+07
Presolve time: 0.08s
Presolved: 2531 rows, 13321 columns, 42361 nonzeros
Variable types: 0 continuous, 13321 integer (13321 binary)

Root relaxation: objective 1.162180e+06, 237 iterations, 0.02 seconds (0.01 work units)

    Nodes    |    Current Node    |     Objective Bounds      |     Work
 Expl Unexpl |  Obj  Depth IntInf | Incumbent    BestBd   Gap | It/Node Time

*    0     0               0    1162180.2960 1162180.30  0.00%     -    0s

Explored 1 nodes (237 simplex iterations) in 0.17 seconds (0.06 work units)
Thread count was 12 (of 12 available processors)

Solution count 2: 1.16218e+06 2.04053e+07 

Optimal solution found (tolerance 1.00e-04)
Best objective 1.162180296041e+06, best bound 1.162180296041e+06, gap 0.0000%

Gurobi 13.0.2 (win64) logging started Fri Aug 14 09:45:22 2026

Set parameter LogFile to value "Logs/gurobi.log"
Set parameter TimeLimit to value 2.9969475589995272e+02
Gurobi Optimizer version 13.0.2 build v13.0.2rc1 (win64 - Windows 11+.0 (26200.2))

CPU model: 12th Gen Intel(R) Core(TM) i7-1255U, instruction set [SSE2|AVX|AVX2]
Thread count: 10 physical cores, 12 logical processors, using up to 12 threads

Non-default parameters:
TimeLimit  2.9969475589995272e+02

Academic license 2537843 - for non-commercial use only - registered to la___@ufmg.br
Optimize a model with 2531 rows, 13321 columns and 42361 nonzeros (Min)
Model fingerprint: 0x2239f7ba
Model has 13310 linear objective coefficients
Variable types: 0 continuous, 13321 integer (13321 binary)
Coefficient statistics:
  Matrix range     [1e+00, 1e+00]
  Objective range  [5e+01, 1e+07]
  Bounds range     [1e+00, 1e+00]
  RHS range        [1e+00, 5e+00]

Found heuristic solution: objective 2.040529e+07
Presolve time: 0.12s
Presolved: 2531 rows, 13321 columns, 42361 nonzeros
Variable types: 0 continuous, 13321 integer (13321 binary)

Root relaxation: objective 1.162180e+06, 237 iterations, 0.03 seconds (0.01 work units)

    Nodes    |    Current Node    |     Objective Bounds      |     Work
 Expl Unexpl |  Obj  Depth IntInf | Incumbent    BestBd   Gap | It/Node Time

*    0     0               0    1162180.2960 1162180.30  0.00%     -    0s

Explored 1 nodes (237 simplex iterations) in 0.22 seconds (0.06 work units)
Thread count was 12 (of 12 available processors)

Solution count 2: 1.16218e+06 2.04053e+07 

Optimal solution found (tolerance 1.00e-04)
Best objective 1.162180296041e+06, best bound 1.162180296041e+06, gap 0.0000%

Gurobi 13.0.2 (win64) logging started Fri Aug 14 09:45:25 2026

Set parameter LogFile to value "Logs/gurobi.log"
Set parameter TimeLimit to value 2.9943936889996985e+02
Gurobi Optimizer version 13.0.2 build v13.0.2rc1 (win64 - Windows 11+.0 (26200.2))

CPU model: 12th Gen Intel(R) Core(TM) i7-1255U, instruction set [SSE2|AVX|AVX2]
Thread count: 10 physical cores, 12 logical processors, using up to 12 threads

Non-default parameters:
TimeLimit  2.9943936889996985e+02

Academic license 2537843 - for non-commercial use only - registered to la___@ufmg.br
Optimize a model with 2531 rows, 13321 columns and 42361 nonzeros (Min)
Model fingerprint: 0x2239f7ba
Model has 13310 linear objective coefficients
Variable types: 0 continuous, 13321 integer (13321 binary)
Coefficient statistics:
  Matrix range     [1e+00, 1e+00]
  Objective range  [5e+01, 1e+07]
  Bounds range     [1e+00, 1e+00]
  RHS range        [1e+00, 5e+00]

Found heuristic solution: objective 2.040529e+07
Presolve time: 0.12s
Presolved: 2531 rows, 13321 columns, 42361 nonzeros
Variable types: 0 continuous, 13321 integer (13321 binary)

Root relaxation: objective 1.162180e+06, 237 iterations, 0.02 seconds (0.01 work units)

    Nodes    |    Current Node    |     Objective Bounds      |     Work
 Expl Unexpl |  Obj  Depth IntInf | Incumbent    BestBd   Gap | It/Node Time

*    0     0               0    1162180.2960 1162180.30  0.00%     -    0s

Explored 1 nodes (237 simplex iterations) in 0.25 seconds (0.06 work units)
Thread count was 12 (of 12 available processors)

Solution count 2: 1.16218e+06 2.04053e+07 

Optimal solution found (tolerance 1.00e-04)
Best objective 1.162180296041e+06, best bound 1.162180296041e+06, gap 0.0000%

Gurobi 13.0.2 (win64) logging started Fri Aug 14 09:51:59 2026

Set parameter LogFile to value "Logs/gurobi.log"
Set parameter TimeLimit to value 2.9973311799997464e+02
Gurobi Optimizer version 13.0.2 build v13.0.2rc1 (win64 - Windows 11+.0 (26200.2))

CPU model: 12th Gen Intel(R) Core(TM) i7-1255U, instruction set [SSE2|AVX|AVX2]
Thread count: 10 physical cores, 12 logical processors, using up to 12 threads

Non-default parameters:
TimeLimit  2.9973311799997464e+02

Academic license 2537843 - for non-commercial use only - registered to la___@ufmg.br
Optimize a model with 2531 rows, 13321 columns and 42361 nonzeros (Min)
Model fingerprint: 0x2239f7ba
Model has 13310 linear objective coefficients
Variable types: 0 continuous, 13321 integer (13321 binary)
Coefficient statistics:
  Matrix range     [1e+00, 1e+00]
  Objective range  [5e+01, 1e+07]
  Bounds range     [1e+00, 1e+00]
  RHS range        [1e+00, 5e+00]

Found heuristic solution: objective 2.040529e+07
Presolve time: 0.13s
Presolved: 2531 rows, 13321 columns, 42361 nonzeros
Variable types: 0 continuous, 13321 integer (13321 binary)

Root relaxation: objective 1.162180e+06, 237 iterations, 0.03 seconds (0.01 work units)

    Nodes    |    Current Node    |     Objective Bounds      |     Work
 Expl Unexpl |  Obj  Depth IntInf | Incumbent    BestBd   Gap | It/Node Time

*    0     0               0    1162180.2960 1162180.30  0.00%     -    0s

Explored 1 nodes (237 simplex iterations) in 0.27 seconds (0.06 work units)
Thread count was 12 (of 12 available processors)

Solution count 2: 1.16218e+06 2.04053e+07 

Optimal solution found (tolerance 1.00e-04)
Best objective 1.162180296041e+06, best bound 1.162180296041e+06, gap 0.0000%

Gurobi 13.0.2 (win64) logging started Fri Aug 14 09:53:55 2026

Set parameter LogFile to value "Logs/gurobi.log"
Set parameter TimeLimit to value 2.9963597440003650e+02
Gurobi Optimizer version 13.0.2 build v13.0.2rc1 (win64 - Windows 11+.0 (26200.2))

CPU model: 12th Gen Intel(R) Core(TM) i7-1255U, instruction set [SSE2|AVX|AVX2]
Thread count: 10 physical cores, 12 logical processors, using up to 12 threads

Non-default parameters:
TimeLimit  2.9963597440003650e+02

Academic license 2537843 - for non-commercial use only - registered to la___@ufmg.br
Optimize a model with 2531 rows, 13321 columns and 42361 nonzeros (Min)
Model fingerprint: 0x2239f7ba
Model has 13310 linear objective coefficients
Variable types: 0 continuous, 13321 integer (13321 binary)
Coefficient statistics:
  Matrix range     [1e+00, 1e+00]
  Objective range  [5e+01, 1e+07]
  Bounds range     [1e+00, 1e+00]
  RHS range        [1e+00, 5e+00]

Found heuristic solution: objective 2.040529e+07
Presolve time: 0.13s
Presolved: 2531 rows, 13321 columns, 42361 nonzeros
Variable types: 0 continuous, 13321 integer (13321 binary)

Root relaxation: objective 1.162180e+06, 237 iterations, 0.03 seconds (0.01 work units)

    Nodes    |    Current Node    |     Objective Bounds      |     Work
 Expl Unexpl |  Obj  Depth IntInf | Incumbent    BestBd   Gap | It/Node Time

*    0     0               0    1162180.2960 1162180.30  0.00%     -    0s

Explored 1 nodes (237 simplex iterations) in 0.26 seconds (0.06 work units)
Thread count was 12 (of 12 available processors)

Solution count 2: 1.16218e+06 2.04053e+07 

Optimal solution found (tolerance 1.00e-04)
Best objective 1.162180296041e+06, best bound 1.162180296041e+06, gap 0.0000%

Gurobi 13.0.2 (win64) logging started Fri Aug 14 09:55:22 2026

Set parameter LogFile to value "Logs/gurobi.log"
Set parameter TimeLimit to value 2.9901623710000422e+02
Gurobi Optimizer version 13.0.2 build v13.0.2rc1 (win64 - Windows 11+.0 (26200.2))

CPU model: 12th Gen Intel(R) Core(TM) i7-1255U, instruction set [SSE2|AVX|AVX2]
Thread count: 10 physical cores, 12 logical processors, using up to 12 threads

Non-default parameters:
TimeLimit  2.9901623710000422e+02

Academic license 2537843 - for non-commercial use only - registered to la___@ufmg.br
Optimize a model with 2531 rows, 13321 columns and 42361 nonzeros (Min)
Model fingerprint: 0x1bdcfa9d
Model has 13310 linear objective coefficients
Variable types: 0 continuous, 13321 integer (13321 binary)
Coefficient statistics:
  Matrix range     [1e+00, 1e+00]
  Objective range  [5e+01, 1e+07]
  Bounds range     [1e+00, 1e+00]
  RHS range        [1e+00, 3e+00]

Found heuristic solution: objective 6337864.8929
Presolve removed 0 rows and 59 columns
Presolve time: 0.17s
Presolved: 2531 rows, 13262 columns, 42184 nonzeros
Variable types: 0 continuous, 13262 integer (13262 binary)

Root relaxation: objective 1.176175e+06, 320 iterations, 0.03 seconds (0.01 work units)

    Nodes    |    Current Node    |     Objective Bounds      |     Work
 Expl Unexpl |  Obj  Depth IntInf | Incumbent    BestBd   Gap | It/Node Time

*    0     0               0    1176174.6908 1176174.69  0.00%     -    0s

Explored 1 nodes (320 simplex iterations) in 0.29 seconds (0.08 work units)
Thread count was 12 (of 12 available processors)

Solution count 2: 1.17617e+06 6.33786e+06 

Optimal solution found (tolerance 1.00e-04)
Best objective 1.176174690761e+06, best bound 1.176174690761e+06, gap 0.0000%

Gurobi 13.0.2 (win64) logging started Fri Aug 14 09:59:57 2026

Set parameter LogFile to value "Logs/gurobi.log"
Set parameter TimeLimit to value 2.9968188699998427e+02
Gurobi Optimizer version 13.0.2 build v13.0.2rc1 (win64 - Windows 11+.0 (26200.2))

CPU model: 12th Gen Intel(R) Core(TM) i7-1255U, instruction set [SSE2|AVX|AVX2]
Thread count: 10 physical cores, 12 logical processors, using up to 12 threads

Non-default parameters:
TimeLimit  2.9968188699998427e+02

Academic license 2537843 - for non-commercial use only - registered to la___@ufmg.br
Optimize a model with 2531 rows, 13321 columns and 42361 nonzeros (Min)
Model fingerprint: 0x2239f7ba
Model has 13310 linear objective coefficients
Variable types: 0 continuous, 13321 integer (13321 binary)
Coefficient statistics:
  Matrix range     [1e+00, 1e+00]
  Objective range  [5e+01, 1e+07]
  Bounds range     [1e+00, 1e+00]
  RHS range        [1e+00, 5e+00]

Found heuristic solution: objective 2.040529e+07
Presolve time: 0.13s
Presolved: 2531 rows, 13321 columns, 42361 nonzeros
Variable types: 0 continuous, 13321 integer (13321 binary)

Root relaxation: objective 1.162180e+06, 237 iterations, 0.03 seconds (0.01 work units)

    Nodes    |    Current Node    |     Objective Bounds      |     Work
 Expl Unexpl |  Obj  Depth IntInf | Incumbent    BestBd   Gap | It/Node Time

*    0     0               0    1162180.2960 1162180.30  0.00%     -    0s

Explored 1 nodes (237 simplex iterations) in 0.68 seconds (0.06 work units)
Thread count was 12 (of 12 available processors)

Solution count 2: 1.16218e+06 2.04053e+07 

Optimal solution found (tolerance 1.00e-04)
Best objective 1.162180296041e+06, best bound 1.162180296041e+06, gap 0.0000%

Gurobi 13.0.2 (win64) logging started Fri Aug 14 10:01:21 2026

Set parameter LogFile to value "Logs/gurobi.log"
Set parameter TimeLimit to value 2.9969055900000967e+02
Gurobi Optimizer version 13.0.2 build v13.0.2rc1 (win64 - Windows 11+.0 (26200.2))

CPU model: 12th Gen Intel(R) Core(TM) i7-1255U, instruction set [SSE2|AVX|AVX2]
Thread count: 10 physical cores, 12 logical processors, using up to 12 threads

Non-default parameters:
TimeLimit  2.9969055900000967e+02

Academic license 2537843 - for non-commercial use only - registered to la___@ufmg.br
Optimize a model with 2531 rows, 13321 columns and 42361 nonzeros (Min)
Model fingerprint: 0x2239f7ba
Model has 13310 linear objective coefficients
Variable types: 0 continuous, 13321 integer (13321 binary)
Coefficient statistics:
  Matrix range     [1e+00, 1e+00]
  Objective range  [5e+01, 1e+07]
  Bounds range     [1e+00, 1e+00]
  RHS range        [1e+00, 5e+00]

Found heuristic solution: objective 2.040529e+07
Presolve time: 0.08s
Presolved: 2531 rows, 13321 columns, 42361 nonzeros
Variable types: 0 continuous, 13321 integer (13321 binary)

Root relaxation: objective 1.162180e+06, 237 iterations, 0.01 seconds (0.01 work units)

    Nodes    |    Current Node    |     Objective Bounds      |     Work
 Expl Unexpl |  Obj  Depth IntInf | Incumbent    BestBd   Gap | It/Node Time

*    0     0               0    1162180.2960 1162180.30  0.00%     -    0s

Explored 1 nodes (237 simplex iterations) in 0.14 seconds (0.06 work units)
Thread count was 12 (of 12 available processors)

Solution count 2: 1.16218e+06 2.04053e+07 

Optimal solution found (tolerance 1.00e-04)
Best objective 1.162180296041e+06, best bound 1.162180296041e+06, gap 0.0000%

Gurobi 13.0.2 (win64) logging started Fri Aug 14 10:06:25 2026

Set parameter LogFile to value "Logs/gurobi.log"
Set parameter TimeLimit to value 2.9973398489999818e+02
Gurobi Optimizer version 13.0.2 build v13.0.2rc1 (win64 - Windows 11+.0 (26200.2))

CPU model: 12th Gen Intel(R) Core(TM) i7-1255U, instruction set [SSE2|AVX|AVX2]
Thread count: 10 physical cores, 12 logical processors, using up to 12 threads

Non-default parameters:
TimeLimit  2.9973398489999818e+02

Academic license 2537843 - for non-commercial use only - registered to la___@ufmg.br
Optimize a model with 2531 rows, 13321 columns and 42361 nonzeros (Min)
Model fingerprint: 0x2239f7ba
Model has 13310 linear objective coefficients
Variable types: 0 continuous, 13321 integer (13321 binary)
Coefficient statistics:
  Matrix range     [1e+00, 1e+00]
  Objective range  [5e+01, 1e+07]
  Bounds range     [1e+00, 1e+00]
  RHS range        [1e+00, 5e+00]

Found heuristic solution: objective 2.040529e+07
Presolve time: 0.11s
Presolved: 2531 rows, 13321 columns, 42361 nonzeros
Variable types: 0 continuous, 13321 integer (13321 binary)

Root relaxation: objective 1.162180e+06, 237 iterations, 0.03 seconds (0.01 work units)

    Nodes    |    Current Node    |     Objective Bounds      |     Work
 Expl Unexpl |  Obj  Depth IntInf | Incumbent    BestBd   Gap | It/Node Time

*    0     0               0    1162180.2960 1162180.30  0.00%     -    0s

Explored 1 nodes (237 simplex iterations) in 0.22 seconds (0.06 work units)
Thread count was 12 (of 12 available processors)

Solution count 2: 1.16218e+06 2.04053e+07 

Optimal solution found (tolerance 1.00e-04)
Best objective 1.162180296041e+06, best bound 1.162180296041e+06, gap 0.0000%

Gurobi 13.0.2 (win64) logging started Tue Aug 18 16:50:16 2026

Set parameter LogFile to value "Logs/gurobi.log"
Set parameter TimeLimit to value 5.9093532800092362e+01
Gurobi Optimizer version 13.0.2 build v13.0.2rc1 (win64 - Windows 11+.0 (26200.2))

CPU model: 12th Gen Intel(R) Core(TM) i7-1255U, instruction set [SSE2|AVX|AVX2]
Thread count: 10 physical cores, 12 logical processors, using up to 12 threads

Non-default parameters:
TimeLimit  5.9093532800092362e+01

Academic license 2537843 - for non-commercial use only - registered to la___@ufmg.br
Optimize a model with 221 rows, 505 columns and 1705 nonzeros (Min)
Model fingerprint: 0x066be3b0
Model has 500 linear objective coefficients
Variable types: 0 continuous, 505 integer (505 binary)
Coefficient statistics:
  Matrix range     [1e+00, 1e+00]
  Objective range  [1e+03, 7e+05]
  Bounds range     [1e+00, 1e+00]
  RHS range        [1e+00, 2e+00]

Found heuristic solution: objective 1068542.9273
Presolve time: 0.00s
Presolved: 221 rows, 505 columns, 1705 nonzeros
Variable types: 0 continuous, 505 integer (505 binary)

Root relaxation: objective 8.581063e+05, 61 iterations, 0.00 seconds (0.00 work units)

    Nodes    |    Current Node    |     Objective Bounds      |     Work
 Expl Unexpl |  Obj  Depth IntInf | Incumbent    BestBd   Gap | It/Node Time

*    0     0               0    858106.27483 858106.275  0.00%     -    0s

Explored 1 nodes (61 simplex iterations) in 0.03 seconds (0.01 work units)
Thread count was 12 (of 12 available processors)

Solution count 2: 858106 1.06854e+06 

Optimal solution found (tolerance 1.00e-04)
Best objective 8.581062748318e+05, best bound 8.581062748318e+05, gap 0.0000%

Gurobi 13.0.2 (win64) logging started Tue Aug 18 16:50:17 2026

Set parameter LogFile to value "Logs/gurobi.log"
Set parameter TimeLimit to value 5.9994465099996887e+01
Gurobi Optimizer version 13.0.2 build v13.0.2rc1 (win64 - Windows 11+.0 (26200.2))

CPU model: 12th Gen Intel(R) Core(TM) i7-1255U, instruction set [SSE2|AVX|AVX2]
Thread count: 10 physical cores, 12 logical processors, using up to 12 threads

Non-default parameters:
TimeLimit  5.9994465099996887e+01

Academic license 2537843 - for non-commercial use only - registered to la___@ufmg.br
Optimize a model with 221 rows, 505 columns and 1705 nonzeros (Min)
Model fingerprint: 0x497bdf5b
Model has 500 linear objective coefficients
Variable types: 0 continuous, 505 integer (505 binary)
Coefficient statistics:
  Matrix range     [1e+00, 1e+00]
  Objective range  [2e+01, 1e+04]
  Bounds range     [1e+00, 1e+00]
  RHS range        [1e+00, 2e+00]

Found heuristic solution: objective 11915.314851
Presolve removed 0 rows and 6 columns
Presolve time: 0.01s
Presolved: 221 rows, 499 columns, 1687 nonzeros
Variable types: 0 continuous, 499 integer (499 binary)

Root relaxation: objective 7.963824e+03, 69 iterations, 0.00 seconds (0.00 work units)

    Nodes    |    Current Node    |     Objective Bounds      |     Work
 Expl Unexpl |  Obj  Depth IntInf | Incumbent    BestBd   Gap | It/Node Time

*    0     0               0    7963.8238090 7963.82381  0.00%     -    0s

Explored 1 nodes (69 simplex iterations) in 0.02 seconds (0.01 work units)
Thread count was 12 (of 12 available processors)

Solution count 2: 7963.82 11915.3 

Optimal solution found (tolerance 1.00e-04)
Best objective 7.963823809001e+03, best bound 7.963823809001e+03, gap 0.0000%

Gurobi 13.0.2 (win64) logging started Tue Aug 18 17:12:30 2026

Set parameter LogFile to value "Logs/gurobi.log"
Set parameter TimeLimit to value 295.6978987
Gurobi Optimizer version 13.0.2 build v13.0.2rc1 (win64 - Windows 11+.0 (26200.2))

CPU model: 12th Gen Intel(R) Core(TM) i7-1255U, instruction set [SSE2|AVX|AVX2]
Thread count: 10 physical cores, 12 logical processors, using up to 12 threads

Non-default parameters:
TimeLimit  295.6978987

Academic license 2537843 - for non-commercial use only - registered to la___@ufmg.br
Optimize a model with 2531 rows, 13321 columns and 42361 nonzeros (Min)
Model fingerprint: 0x2239f7ba
Model has 13310 linear objective coefficients
Variable types: 0 continuous, 13321 integer (13321 binary)
Coefficient statistics:
  Matrix range     [1e+00, 1e+00]
  Objective range  [5e+01, 1e+07]
  Bounds range     [1e+00, 1e+00]
  RHS range        [1e+00, 5e+00]

Found heuristic solution: objective 2.040529e+07
Presolve time: 0.09s
Presolved: 2531 rows, 13321 columns, 42361 nonzeros
Variable types: 0 continuous, 13321 integer (13321 binary)

Root relaxation: objective 1.162180e+06, 237 iterations, 0.02 seconds (0.01 work units)

    Nodes    |    Current Node    |     Objective Bounds      |     Work
 Expl Unexpl |  Obj  Depth IntInf | Incumbent    BestBd   Gap | It/Node Time

*    0     0               0    1162180.2960 1162180.30  0.00%     -    0s

Explored 1 nodes (237 simplex iterations) in 0.20 seconds (0.06 work units)
Thread count was 12 (of 12 available processors)

Solution count 2: 1.16218e+06 2.04053e+07 

Optimal solution found (tolerance 1.00e-04)
Best objective 1.162180296041e+06, best bound 1.162180296041e+06, gap 0.0000%

Gurobi 13.0.2 (win64) logging started Tue Aug 18 17:14:20 2026

Set parameter LogFile to value "Logs/gurobi.log"
Set parameter TimeLimit to value 299.8854936
Gurobi Optimizer version 13.0.2 build v13.0.2rc1 (win64 - Windows 11+.0 (26200.2))

CPU model: 12th Gen Intel(R) Core(TM) i7-1255U, instruction set [SSE2|AVX|AVX2]
Thread count: 10 physical cores, 12 logical processors, using up to 12 threads

Non-default parameters:
TimeLimit  299.8854936

Academic license 2537843 - for non-commercial use only - registered to la___@ufmg.br
Optimize a model with 2531 rows, 13321 columns and 42361 nonzeros (Min)
Model fingerprint: 0x7ecd087f
Model has 13310 linear objective coefficients
Variable types: 0 continuous, 13321 integer (13321 binary)
Coefficient statistics:
  Matrix range     [1e+00, 1e+00]
  Objective range  [8e-01, 2e+04]
  Bounds range     [1e+00, 1e+00]
  RHS range        [1e+00, 5e+00]

Found heuristic solution: objective 51095.040166
Presolve time: 0.05s
Presolved: 2531 rows, 13321 columns, 42361 nonzeros
Variable types: 0 continuous, 13321 integer (13321 binary)

Root relaxation: objective 1.029884e+04, 368 iterations, 0.01 seconds (0.01 work units)

    Nodes    |    Current Node    |     Objective Bounds      |     Work
 Expl Unexpl |  Obj  Depth IntInf | Incumbent    BestBd   Gap | It/Node Time

     0     0 10298.8351    0  230 51095.0402 10298.8351  79.8%     -    0s
H    0     0                    34904.246935 10298.8351  70.5%     -    0s
H    0     0                    10828.372024 10298.8351  4.89%     -    0s
H    0     0                    10794.937394 10298.8351  4.60%     -    0s
H    0     0                    10517.655991 10298.8351  2.08%     -    0s
H    0     0                    10449.451878 10298.8351  1.44%     -    0s
H    0     0                    10429.451442 10298.8351  1.25%     -    0s
H    0     0                    10375.873375 10298.8351  0.74%     -    0s
H    0     0                    10347.086930 10298.8351  0.47%     -    0s

Cutting planes:
  Gomory: 1
  Zero half: 28

Explored 1 nodes (491 simplex iterations) in 0.25 seconds (0.14 work units)
Thread count was 12 (of 12 available processors)

Solution count 9: 10347.1 10375.9 10429.5 ... 51095

Optimal solution found (tolerance 1.00e-04)
Best objective 1.034708693010e+04, best bound 1.034690962211e+04, gap 0.0017%

Gurobi 13.0.2 (win64) logging started Tue Aug 18 17:22:33 2026

Set parameter LogFile to value "Logs/gurobi.log"
Set parameter TimeLimit to value 299.9054727
Gurobi Optimizer version 13.0.2 build v13.0.2rc1 (win64 - Windows 11+.0 (26200.2))

CPU model: 12th Gen Intel(R) Core(TM) i7-1255U, instruction set [SSE2|AVX|AVX2]
Thread count: 10 physical cores, 12 logical processors, using up to 12 threads

Non-default parameters:
TimeLimit  299.9054727

Academic license 2537843 - for non-commercial use only - registered to la___@ufmg.br
Optimize a model with 2531 rows, 13321 columns and 42361 nonzeros (Min)
Model fingerprint: 0x81a0f423
Model has 13310 linear objective coefficients
Variable types: 0 continuous, 13321 integer (13321 binary)
Coefficient statistics:
  Matrix range     [1e+00, 1e+00]
  Objective range  [3e+01, 1e+06]
  Bounds range     [1e+00, 1e+00]
  RHS range        [1e+00, 2e+00]

Found heuristic solution: objective 1531485.7945
Presolve time: 0.05s
Presolved: 2531 rows, 13321 columns, 42361 nonzeros
Variable types: 0 continuous, 13321 integer (13321 binary)

Root relaxation: objective 1.061036e+06, 1086 iterations, 0.01 seconds (0.02 work units)

    Nodes    |    Current Node    |     Objective Bounds      |     Work
 Expl Unexpl |  Obj  Depth IntInf | Incumbent    BestBd   Gap | It/Node Time

*    0     0               0    1061035.9550 1061035.96  0.00%     -    0s

Explored 1 nodes (1086 simplex iterations) in 0.08 seconds (0.09 work units)
Thread count was 12 (of 12 available processors)

Solution count 2: 1.06104e+06 1.53149e+06 

Optimal solution found (tolerance 1.00e-04)
Best objective 1.061035955014e+06, best bound 1.061035955014e+06, gap 0.0000%

Gurobi 13.0.2 (win64) logging started Tue Aug 18 17:22:33 2026

Set parameter LogFile to value "Logs/gurobi.log"
Set parameter TimeLimit to value 299.9448519
Gurobi Optimizer version 13.0.2 build v13.0.2rc1 (win64 - Windows 11+.0 (26200.2))

CPU model: 12th Gen Intel(R) Core(TM) i7-1255U, instruction set [SSE2|AVX|AVX2]
Thread count: 10 physical cores, 12 logical processors, using up to 12 threads

Non-default parameters:
TimeLimit  299.9448519

Academic license 2537843 - for non-commercial use only - registered to la___@ufmg.br
Optimize a model with 2531 rows, 13321 columns and 42361 nonzeros (Min)
Model fingerprint: 0xe4c14fdc
Model has 13310 linear objective coefficients
Variable types: 0 continuous, 13321 integer (13321 binary)
Coefficient statistics:
  Matrix range     [1e+00, 1e+00]
  Objective range  [3e+01, 1e+06]
  Bounds range     [1e+00, 1e+00]
  RHS range        [1e+00, 3e+00]

Found heuristic solution: objective 1493254.7864
Presolve time: 0.03s
Presolved: 2531 rows, 13321 columns, 42361 nonzeros
Variable types: 0 continuous, 13321 integer (13321 binary)

Root relaxation: objective 9.805788e+05, 1003 iterations, 0.01 seconds (0.02 work units)

    Nodes    |    Current Node    |     Objective Bounds      |     Work
 Expl Unexpl |  Obj  Depth IntInf | Incumbent    BestBd   Gap | It/Node Time

*    0     0               0    980578.80706 980578.807  0.00%     -    0s

Explored 1 nodes (1003 simplex iterations) in 0.07 seconds (0.07 work units)
Thread count was 12 (of 12 available processors)

Solution count 2: 980579 1.49325e+06 

Optimal solution found (tolerance 1.00e-04)
Best objective 9.805788070581e+05, best bound 9.805788070581e+05, gap 0.0000%

Gurobi 13.0.2 (win64) logging started Tue Aug 18 17:22:33 2026

Set parameter LogFile to value "Logs/gurobi.log"
Set parameter TimeLimit to value 2.9994453169999997e+02
Gurobi Optimizer version 13.0.2 build v13.0.2rc1 (win64 - Windows 11+.0 (26200.2))

CPU model: 12th Gen Intel(R) Core(TM) i7-1255U, instruction set [SSE2|AVX|AVX2]
Thread count: 10 physical cores, 12 logical processors, using up to 12 threads

Non-default parameters:
TimeLimit  2.9994453169999997e+02

Academic license 2537843 - for non-commercial use only - registered to la___@ufmg.br
Optimize a model with 2531 rows, 13321 columns and 42361 nonzeros (Min)
Model fingerprint: 0x57e5bcb1
Model has 13310 linear objective coefficients
Variable types: 0 continuous, 13321 integer (13321 binary)
Coefficient statistics:
  Matrix range     [1e+00, 1e+00]
  Objective range  [3e+01, 1e+06]
  Bounds range     [1e+00, 1e+00]
  RHS range        [1e+00, 5e+00]

Found heuristic solution: objective 2364042.2065
Presolve time: 0.03s
Presolved: 2531 rows, 13321 columns, 42361 nonzeros
Variable types: 0 continuous, 13321 integer (13321 binary)

Root relaxation: objective 8.589092e+05, 605 iterations, 0.01 seconds (0.02 work units)

    Nodes    |    Current Node    |     Objective Bounds      |     Work
 Expl Unexpl |  Obj  Depth IntInf | Incumbent    BestBd   Gap | It/Node Time

*    0     0               0    858909.18723 858909.187  0.00%     -    0s

Explored 1 nodes (605 simplex iterations) in 0.07 seconds (0.07 work units)
Thread count was 12 (of 12 available processors)

Solution count 2: 858909 2.36404e+06 

Optimal solution found (tolerance 1.00e-04)
Best objective 8.589091872254e+05, best bound 8.589091872254e+05, gap 0.0000%

Gurobi 13.0.2 (win64) logging started Tue Aug 18 17:22:34 2026

Set parameter LogFile to value "Logs/gurobi.log"
Set parameter TimeLimit to value 2.9992481850000013e+02
Gurobi Optimizer version 13.0.2 build v13.0.2rc1 (win64 - Windows 11+.0 (26200.2))

CPU model: 12th Gen Intel(R) Core(TM) i7-1255U, instruction set [SSE2|AVX|AVX2]
Thread count: 10 physical cores, 12 logical processors, using up to 12 threads

Non-default parameters:
TimeLimit  2.9992481850000013e+02

Academic license 2537843 - for non-commercial use only - registered to la___@ufmg.br
Optimize a model with 2531 rows, 13321 columns and 42361 nonzeros (Min)
Model fingerprint: 0x77ff25ea
Model has 13310 linear objective coefficients
Variable types: 0 continuous, 13321 integer (13321 binary)
Coefficient statistics:
  Matrix range     [1e+00, 1e+00]
  Objective range  [4e+01, 1e+06]
  Bounds range     [1e+00, 1e+00]
  RHS range        [1e+00, 2e+00]

Found heuristic solution: objective 1563452.7102
Presolve time: 0.04s
Presolved: 2531 rows, 13321 columns, 42361 nonzeros
Variable types: 0 continuous, 13321 integer (13321 binary)

Root relaxation: objective 1.103227e+06, 996 iterations, 0.01 seconds (0.01 work units)

    Nodes    |    Current Node    |     Objective Bounds      |     Work
 Expl Unexpl |  Obj  Depth IntInf | Incumbent    BestBd   Gap | It/Node Time

*    0     0               0    1103226.5735 1103226.57  0.00%     -    0s

Explored 1 nodes (996 simplex iterations) in 0.08 seconds (0.09 work units)
Thread count was 12 (of 12 available processors)

Solution count 2: 1.10323e+06 1.56345e+06 

Optimal solution found (tolerance 1.00e-04)
Best objective 1.103226573454e+06, best bound 1.103226573454e+06, gap 0.0000%

Gurobi 13.0.2 (win64) logging started Tue Aug 18 17:22:34 2026

Set parameter LogFile to value "Logs/gurobi.log"
Set parameter TimeLimit to value 2.9994602320000013e+02
Gurobi Optimizer version 13.0.2 build v13.0.2rc1 (win64 - Windows 11+.0 (26200.2))

CPU model: 12th Gen Intel(R) Core(TM) i7-1255U, instruction set [SSE2|AVX|AVX2]
Thread count: 10 physical cores, 12 logical processors, using up to 12 threads

Non-default parameters:
TimeLimit  2.9994602320000013e+02

Academic license 2537843 - for non-commercial use only - registered to la___@ufmg.br
Optimize a model with 2531 rows, 13321 columns and 42361 nonzeros (Min)
Model fingerprint: 0xcec6f3d9
Model has 13310 linear objective coefficients
Variable types: 0 continuous, 13321 integer (13321 binary)
Coefficient statistics:
  Matrix range     [1e+00, 1e+00]
  Objective range  [4e+01, 1e+06]
  Bounds range     [1e+00, 1e+00]
  RHS range        [1e+00, 3e+00]

Found heuristic solution: objective 1542026.0291
Presolve time: 0.03s
Presolved: 2531 rows, 13321 columns, 42361 nonzeros
Variable types: 0 continuous, 13321 integer (13321 binary)

Root relaxation: objective 1.044500e+06, 909 iterations, 0.01 seconds (0.02 work units)

    Nodes    |    Current Node    |     Objective Bounds      |     Work
 Expl Unexpl |  Obj  Depth IntInf | Incumbent    BestBd   Gap | It/Node Time

*    0     0               0    1044499.8528 1044499.85  0.00%     -    0s

Explored 1 nodes (909 simplex iterations) in 0.08 seconds (0.07 work units)
Thread count was 12 (of 12 available processors)

Solution count 2: 1.0445e+06 1.54203e+06 

Optimal solution found (tolerance 1.00e-04)
Best objective 1.044499852774e+06, best bound 1.044499852774e+06, gap 0.0000%

Gurobi 13.0.2 (win64) logging started Tue Aug 18 17:22:34 2026

Set parameter LogFile to value "Logs/gurobi.log"
Set parameter TimeLimit to value 299.8901449
Gurobi Optimizer version 13.0.2 build v13.0.2rc1 (win64 - Windows 11+.0 (26200.2))

CPU model: 12th Gen Intel(R) Core(TM) i7-1255U, instruction set [SSE2|AVX|AVX2]
Thread count: 10 physical cores, 12 logical processors, using up to 12 threads

Non-default parameters:
TimeLimit  299.8901449

Academic license 2537843 - for non-commercial use only - registered to la___@ufmg.br
Optimize a model with 2531 rows, 13321 columns and 42361 nonzeros (Min)
Model fingerprint: 0x77089031
Model has 13310 linear objective coefficients
Variable types: 0 continuous, 13321 integer (13321 binary)
Coefficient statistics:
  Matrix range     [1e+00, 1e+00]
  Objective range  [4e+01, 1e+06]
  Bounds range     [1e+00, 1e+00]
  RHS range        [1e+00, 5e+00]

Found heuristic solution: objective 2545665.5017
Presolve time: 0.03s
Presolved: 2531 rows, 13321 columns, 42361 nonzeros
Variable types: 0 continuous, 13321 integer (13321 binary)

Root relaxation: objective 9.492630e+05, 540 iterations, 0.01 seconds (0.02 work units)

    Nodes    |    Current Node    |     Objective Bounds      |     Work
 Expl Unexpl |  Obj  Depth IntInf | Incumbent    BestBd   Gap | It/Node Time

*    0     0               0    949262.95439 949262.954  0.00%     -    0s

Explored 1 nodes (540 simplex iterations) in 0.06 seconds (0.07 work units)
Thread count was 12 (of 12 available processors)

Solution count 2: 949263 2.54567e+06 

Optimal solution found (tolerance 1.00e-04)
Best objective 9.492629543885e+05, best bound 9.492629543885e+05, gap 0.0000%

Gurobi 13.0.2 (win64) logging started Tue Aug 18 17:22:34 2026

Set parameter LogFile to value "Logs/gurobi.log"
Set parameter TimeLimit to value 299.9474817
Gurobi Optimizer version 13.0.2 build v13.0.2rc1 (win64 - Windows 11+.0 (26200.2))

CPU model: 12th Gen Intel(R) Core(TM) i7-1255U, instruction set [SSE2|AVX|AVX2]
Thread count: 10 physical cores, 12 logical processors, using up to 12 threads

Non-default parameters:
TimeLimit  299.9474817

Academic license 2537843 - for non-commercial use only - registered to la___@ufmg.br
Optimize a model with 2531 rows, 13321 columns and 42361 nonzeros (Min)
Model fingerprint: 0x12131e8d
Model has 13310 linear objective coefficients
Variable types: 0 continuous, 13321 integer (13321 binary)
Coefficient statistics:
  Matrix range     [1e+00, 1e+00]
  Objective range  [4e+01, 1e+06]
  Bounds range     [1e+00, 1e+00]
  RHS range        [1e+00, 2e+00]

Found heuristic solution: objective 1595419.6258
Presolve time: 0.05s
Presolved: 2531 rows, 13321 columns, 42361 nonzeros
Variable types: 0 continuous, 13321 integer (13321 binary)

Root relaxation: objective 1.143802e+06, 881 iterations, 0.01 seconds (0.02 work units)

    Nodes    |    Current Node    |     Objective Bounds      |     Work
 Expl Unexpl |  Obj  Depth IntInf | Incumbent    BestBd   Gap | It/Node Time

*    0     0               0    1143802.0488 1143802.05  0.00%     -    0s

Explored 1 nodes (881 simplex iterations) in 0.08 seconds (0.09 work units)
Thread count was 12 (of 12 available processors)

Solution count 2: 1.1438e+06 1.59542e+06 

Optimal solution found (tolerance 1.00e-04)
Best objective 1.143802048773e+06, best bound 1.143802048773e+06, gap 0.0000%

Gurobi 13.0.2 (win64) logging started Tue Aug 18 17:22:34 2026

Set parameter LogFile to value "Logs/gurobi.log"
Set parameter TimeLimit to value 2.9991404860000011e+02
Gurobi Optimizer version 13.0.2 build v13.0.2rc1 (win64 - Windows 11+.0 (26200.2))

CPU model: 12th Gen Intel(R) Core(TM) i7-1255U, instruction set [SSE2|AVX|AVX2]
Thread count: 10 physical cores, 12 logical processors, using up to 12 threads

Non-default parameters:
TimeLimit  2.9991404860000011e+02

Academic license 2537843 - for non-commercial use only - registered to la___@ufmg.br
Optimize a model with 2531 rows, 13321 columns and 42361 nonzeros (Min)
Model fingerprint: 0x68660068
Model has 13310 linear objective coefficients
Variable types: 0 continuous, 13321 integer (13321 binary)
Coefficient statistics:
  Matrix range     [1e+00, 1e+00]
  Objective range  [4e+01, 1e+06]
  Bounds range     [1e+00, 1e+00]
  RHS range        [1e+00, 3e+00]

Found heuristic solution: objective 1590797.2717
Presolve time: 0.03s
Presolved: 2531 rows, 13321 columns, 42361 nonzeros
Variable types: 0 continuous, 13321 integer (13321 binary)

Root relaxation: objective 1.102702e+06, 832 iterations, 0.01 seconds (0.02 work units)

    Nodes    |    Current Node    |     Objective Bounds      |     Work
 Expl Unexpl |  Obj  Depth IntInf | Incumbent    BestBd   Gap | It/Node Time

*    0     0               0    1102702.3293 1102702.33  0.00%     -    0s

Explored 1 nodes (832 simplex iterations) in 0.07 seconds (0.07 work units)
Thread count was 12 (of 12 available processors)

Solution count 2: 1.1027e+06 1.5908e+06 

Optimal solution found (tolerance 1.00e-04)
Best objective 1.102702329285e+06, best bound 1.102702329285e+06, gap 0.0000%

Gurobi 13.0.2 (win64) logging started Tue Aug 18 17:22:34 2026

Set parameter LogFile to value "Logs/gurobi.log"
Set parameter TimeLimit to value 2.9994897800000012e+02
Gurobi Optimizer version 13.0.2 build v13.0.2rc1 (win64 - Windows 11+.0 (26200.2))

CPU model: 12th Gen Intel(R) Core(TM) i7-1255U, instruction set [SSE2|AVX|AVX2]
Thread count: 10 physical cores, 12 logical processors, using up to 12 threads

Non-default parameters:
TimeLimit  2.9994897800000012e+02

Academic license 2537843 - for non-commercial use only - registered to la___@ufmg.br
Optimize a model with 2531 rows, 13321 columns and 42361 nonzeros (Min)
Model fingerprint: 0x40fb150a
Model has 13310 linear objective coefficients
Variable types: 0 continuous, 13321 integer (13321 binary)
Coefficient statistics:
  Matrix range     [1e+00, 1e+00]
  Objective range  [4e+01, 1e+06]
  Bounds range     [1e+00, 1e+00]
  RHS range        [1e+00, 5e+00]

Found heuristic solution: objective 2727288.7968
Presolve time: 0.02s
Presolved: 2531 rows, 13321 columns, 42361 nonzeros
Variable types: 0 continuous, 13321 integer (13321 binary)

Root relaxation: objective 1.036806e+06, 482 iterations, 0.01 seconds (0.02 work units)

    Nodes    |    Current Node    |     Objective Bounds      |     Work
 Expl Unexpl |  Obj  Depth IntInf | Incumbent    BestBd   Gap | It/Node Time

*    0     0               0    1036806.1887 1036806.19  0.00%     -    0s

Explored 1 nodes (482 simplex iterations) in 0.07 seconds (0.07 work units)
Thread count was 12 (of 12 available processors)

Solution count 2: 1.03681e+06 2.72729e+06 

Optimal solution found (tolerance 1.00e-04)
Best objective 1.036806188700e+06, best bound 1.036806188700e+06, gap 0.0000%

Gurobi 13.0.2 (win64) logging started Tue Aug 18 17:22:35 2026

Set parameter LogFile to value "Logs/gurobi.log"
Set parameter TimeLimit to value 2.9992119060000005e+02
Gurobi Optimizer version 13.0.2 build v13.0.2rc1 (win64 - Windows 11+.0 (26200.2))

CPU model: 12th Gen Intel(R) Core(TM) i7-1255U, instruction set [SSE2|AVX|AVX2]
Thread count: 10 physical cores, 12 logical processors, using up to 12 threads

Non-default parameters:
TimeLimit  2.9992119060000005e+02

Academic license 2537843 - for non-commercial use only - registered to la___@ufmg.br
Optimize a model with 2531 rows, 13321 columns and 42361 nonzeros (Min)
Model fingerprint: 0x12131e8d
Model has 13310 linear objective coefficients
Variable types: 0 continuous, 13321 integer (13321 binary)
Coefficient statistics:
  Matrix range     [1e+00, 1e+00]
  Objective range  [4e+01, 1e+06]
  Bounds range     [1e+00, 1e+00]
  RHS range        [1e+00, 2e+00]

Found heuristic solution: objective 1595419.6258
Presolve time: 0.05s
Presolved: 2531 rows, 13321 columns, 42361 nonzeros
Variable types: 0 continuous, 13321 integer (13321 binary)

Root relaxation: objective 1.143802e+06, 881 iterations, 0.01 seconds (0.02 work units)

    Nodes    |    Current Node    |     Objective Bounds      |     Work
 Expl Unexpl |  Obj  Depth IntInf | Incumbent    BestBd   Gap | It/Node Time

*    0     0               0    1143802.0488 1143802.05  0.00%     -    0s

Explored 1 nodes (881 simplex iterations) in 0.09 seconds (0.09 work units)
Thread count was 12 (of 12 available processors)

Solution count 2: 1.1438e+06 1.59542e+06 

Optimal solution found (tolerance 1.00e-04)
Best objective 1.143802048773e+06, best bound 1.143802048773e+06, gap 0.0000%

Gurobi 13.0.2 (win64) logging started Tue Aug 18 17:22:35 2026

Set parameter LogFile to value "Logs/gurobi.log"
Set parameter TimeLimit to value 2.9995156069999985e+02
Gurobi Optimizer version 13.0.2 build v13.0.2rc1 (win64 - Windows 11+.0 (26200.2))

CPU model: 12th Gen Intel(R) Core(TM) i7-1255U, instruction set [SSE2|AVX|AVX2]
Thread count: 10 physical cores, 12 logical processors, using up to 12 threads

Non-default parameters:
TimeLimit  2.9995156069999985e+02

Academic license 2537843 - for non-commercial use only - registered to la___@ufmg.br
Optimize a model with 2531 rows, 13321 columns and 42361 nonzeros (Min)
Model fingerprint: 0x68660068
Model has 13310 linear objective coefficients
Variable types: 0 continuous, 13321 integer (13321 binary)
Coefficient statistics:
  Matrix range     [1e+00, 1e+00]
  Objective range  [4e+01, 1e+06]
  Bounds range     [1e+00, 1e+00]
  RHS range        [1e+00, 3e+00]

Found heuristic solution: objective 1590797.2717
Presolve time: 0.03s
Presolved: 2531 rows, 13321 columns, 42361 nonzeros
Variable types: 0 continuous, 13321 integer (13321 binary)

Root relaxation: objective 1.102702e+06, 832 iterations, 0.01 seconds (0.02 work units)

    Nodes    |    Current Node    |     Objective Bounds      |     Work
 Expl Unexpl |  Obj  Depth IntInf | Incumbent    BestBd   Gap | It/Node Time

*    0     0               0    1102702.3293 1102702.33  0.00%     -    0s

Explored 1 nodes (832 simplex iterations) in 0.07 seconds (0.07 work units)
Thread count was 12 (of 12 available processors)

Solution count 2: 1.1027e+06 1.5908e+06 

Optimal solution found (tolerance 1.00e-04)
Best objective 1.102702329285e+06, best bound 1.102702329285e+06, gap 0.0000%

Gurobi 13.0.2 (win64) logging started Tue Aug 18 17:22:35 2026

Set parameter LogFile to value "Logs/gurobi.log"
Set parameter TimeLimit to value 2.9991066620000015e+02
Gurobi Optimizer version 13.0.2 build v13.0.2rc1 (win64 - Windows 11+.0 (26200.2))

CPU model: 12th Gen Intel(R) Core(TM) i7-1255U, instruction set [SSE2|AVX|AVX2]
Thread count: 10 physical cores, 12 logical processors, using up to 12 threads

Non-default parameters:
TimeLimit  2.9991066620000015e+02

Academic license 2537843 - for non-commercial use only - registered to la___@ufmg.br
Optimize a model with 2531 rows, 13321 columns and 42361 nonzeros (Min)
Model fingerprint: 0x40fb150a
Model has 13310 linear objective coefficients
Variable types: 0 continuous, 13321 integer (13321 binary)
Coefficient statistics:
  Matrix range     [1e+00, 1e+00]
  Objective range  [4e+01, 1e+06]
  Bounds range     [1e+00, 1e+00]
  RHS range        [1e+00, 5e+00]

Found heuristic solution: objective 2727288.7968
Presolve time: 0.05s
Presolved: 2531 rows, 13321 columns, 42361 nonzeros
Variable types: 0 continuous, 13321 integer (13321 binary)

Root relaxation: objective 1.036806e+06, 482 iterations, 0.01 seconds (0.02 work units)

    Nodes    |    Current Node    |     Objective Bounds      |     Work
 Expl Unexpl |  Obj  Depth IntInf | Incumbent    BestBd   Gap | It/Node Time

*    0     0               0    1036806.1887 1036806.19  0.00%     -    0s

Explored 1 nodes (482 simplex iterations) in 0.10 seconds (0.07 work units)
Thread count was 12 (of 12 available processors)

Solution count 2: 1.03681e+06 2.72729e+06 

Optimal solution found (tolerance 1.00e-04)
Best objective 1.036806188700e+06, best bound 1.036806188700e+06, gap 0.0000%

Gurobi 13.0.2 (win64) logging started Tue Aug 18 17:22:35 2026

Set parameter LogFile to value "Logs/gurobi.log"
Set parameter TimeLimit to value 299.9478156
Gurobi Optimizer version 13.0.2 build v13.0.2rc1 (win64 - Windows 11+.0 (26200.2))

CPU model: 12th Gen Intel(R) Core(TM) i7-1255U, instruction set [SSE2|AVX|AVX2]
Thread count: 10 physical cores, 12 logical processors, using up to 12 threads

Non-default parameters:
TimeLimit  299.9478156

Academic license 2537843 - for non-commercial use only - registered to la___@ufmg.br
Optimize a model with 2531 rows, 13321 columns and 42361 nonzeros (Min)
Model fingerprint: 0xba337a8c
Model has 13310 linear objective coefficients
Variable types: 0 continuous, 13321 integer (13321 binary)
Coefficient statistics:
  Matrix range     [1e+00, 1e+00]
  Objective range  [5e+01, 2e+06]
  Bounds range     [1e+00, 1e+00]
  RHS range        [1e+00, 2e+00]

Found heuristic solution: objective 1723287.2883
Presolve time: 0.05s
Presolved: 2531 rows, 13321 columns, 42361 nonzeros
Variable types: 0 continuous, 13321 integer (13321 binary)

Root relaxation: objective 1.208678e+06, 583 iterations, 0.01 seconds (0.02 work units)

    Nodes    |    Current Node    |     Objective Bounds      |     Work
 Expl Unexpl |  Obj  Depth IntInf | Incumbent    BestBd   Gap | It/Node Time

*    0     0               0    1208677.6516 1208677.65  0.00%     -    0s

Explored 1 nodes (583 simplex iterations) in 0.09 seconds (0.09 work units)
Thread count was 12 (of 12 available processors)

Solution count 2: 1.20868e+06 1.72329e+06 

Optimal solution found (tolerance 1.00e-04)
Best objective 1.208677651552e+06, best bound 1.208677651552e+06, gap 0.0000%

Gurobi 13.0.2 (win64) logging started Tue Aug 18 17:22:35 2026

Set parameter LogFile to value "Logs/gurobi.log"
Set parameter TimeLimit to value 2.9992817880000007e+02
Gurobi Optimizer version 13.0.2 build v13.0.2rc1 (win64 - Windows 11+.0 (26200.2))

CPU model: 12th Gen Intel(R) Core(TM) i7-1255U, instruction set [SSE2|AVX|AVX2]
Thread count: 10 physical cores, 12 logical processors, using up to 12 threads

Non-default parameters:
TimeLimit  2.9992817880000007e+02

Academic license 2537843 - for non-commercial use only - registered to la___@ufmg.br
Optimize a model with 2531 rows, 13321 columns and 42361 nonzeros (Min)
Model fingerprint: 0x4d0166d7
Model has 13310 linear objective coefficients
Variable types: 0 continuous, 13321 integer (13321 binary)
Coefficient statistics:
  Matrix range     [1e+00, 1e+00]
  Objective range  [5e+01, 2e+06]
  Bounds range     [1e+00, 1e+00]
  RHS range        [1e+00, 3e+00]

Found heuristic solution: objective 1785882.2425
Presolve time: 0.03s
Presolved: 2531 rows, 13321 columns, 42361 nonzeros
Variable types: 0 continuous, 13321 integer (13321 binary)

Root relaxation: objective 1.176175e+06, 326 iterations, 0.01 seconds (0.01 work units)

    Nodes    |    Current Node    |     Objective Bounds      |     Work
 Expl Unexpl |  Obj  Depth IntInf | Incumbent    BestBd   Gap | It/Node Time

*    0     0               0    1176174.6908 1176174.69  0.00%     -    0s

Explored 1 nodes (326 simplex iterations) in 0.06 seconds (0.06 work units)
Thread count was 12 (of 12 available processors)

Solution count 2: 1.17617e+06 1.78588e+06 

Optimal solution found (tolerance 1.00e-04)
Best objective 1.176174690761e+06, best bound 1.176174690761e+06, gap 0.0000%

Gurobi 13.0.2 (win64) logging started Tue Aug 18 17:22:35 2026

Set parameter LogFile to value "Logs/gurobi.log"
Set parameter TimeLimit to value 2.9994231790000003e+02
Gurobi Optimizer version 13.0.2 build v13.0.2rc1 (win64 - Windows 11+.0 (26200.2))

CPU model: 12th Gen Intel(R) Core(TM) i7-1255U, instruction set [SSE2|AVX|AVX2]
Thread count: 10 physical cores, 12 logical processors, using up to 12 threads

Non-default parameters:
TimeLimit  2.9994231790000003e+02

Academic license 2537843 - for non-commercial use only - registered to la___@ufmg.br
Optimize a model with 2531 rows, 13321 columns and 42361 nonzeros (Min)
Model fingerprint: 0x5da038da
Model has 13310 linear objective coefficients
Variable types: 0 continuous, 13321 integer (13321 binary)
Coefficient statistics:
  Matrix range     [1e+00, 1e+00]
  Objective range  [5e+01, 2e+06]
  Bounds range     [1e+00, 1e+00]
  RHS range        [1e+00, 5e+00]

Found heuristic solution: objective 3453781.9776
Presolve time: 0.03s
Presolved: 2531 rows, 13321 columns, 42361 nonzeros
Variable types: 0 continuous, 13321 integer (13321 binary)

Root relaxation: objective 1.162180e+06, 248 iterations, 0.01 seconds (0.01 work units)

    Nodes    |    Current Node    |     Objective Bounds      |     Work
 Expl Unexpl |  Obj  Depth IntInf | Incumbent    BestBd   Gap | It/Node Time

*    0     0               0    1162180.2960 1162180.30  0.00%     -    0s

Explored 1 nodes (248 simplex iterations) in 0.06 seconds (0.06 work units)
Thread count was 12 (of 12 available processors)

Solution count 2: 1.16218e+06 3.45378e+06 

Optimal solution found (tolerance 1.00e-04)
Best objective 1.162180296041e+06, best bound 1.162180296041e+06, gap 0.0000%

Gurobi 13.0.2 (win64) logging started Tue Aug 18 17:22:35 2026

Set parameter LogFile to value "Logs/gurobi.log"
Set parameter TimeLimit to value 2.9994284969999990e+02
Gurobi Optimizer version 13.0.2 build v13.0.2rc1 (win64 - Windows 11+.0 (26200.2))

CPU model: 12th Gen Intel(R) Core(TM) i7-1255U, instruction set [SSE2|AVX|AVX2]
Thread count: 10 physical cores, 12 logical processors, using up to 12 threads

Non-default parameters:
TimeLimit  2.9994284969999990e+02

Academic license 2537843 - for non-commercial use only - registered to la___@ufmg.br
Optimize a model with 2531 rows, 13321 columns and 42361 nonzeros (Min)
Model fingerprint: 0x2dc01f57
Model has 13310 linear objective coefficients
Variable types: 0 continuous, 13321 integer (13321 binary)
Coefficient statistics:
  Matrix range     [1e+00, 1e+00]
  Objective range  [5e+01, 2e+06]
  Bounds range     [1e+00, 1e+00]
  RHS range        [1e+00, 2e+00]

Found heuristic solution: objective 1851154.9507
Presolve removed 0 rows and 2 columns
Presolve time: 0.05s
Presolved: 2531 rows, 13319 columns, 42355 nonzeros
Variable types: 0 continuous, 13319 integer (13319 binary)

Root relaxation: objective 1.208678e+06, 525 iterations, 0.01 seconds (0.02 work units)

    Nodes    |    Current Node    |     Objective Bounds      |     Work
 Expl Unexpl |  Obj  Depth IntInf | Incumbent    BestBd   Gap | It/Node Time

*    0     0               0    1208677.6516 1208677.65  0.00%     -    0s

Explored 1 nodes (525 simplex iterations) in 0.08 seconds (0.09 work units)
Thread count was 12 (of 12 available processors)

Solution count 2: 1.20868e+06 1.85115e+06 

Optimal solution found (tolerance 1.00e-04)
Best objective 1.208677651552e+06, best bound 1.208677651552e+06, gap 0.0000%

Gurobi 13.0.2 (win64) logging started Tue Aug 18 17:22:36 2026

Set parameter LogFile to value "Logs/gurobi.log"
Set parameter TimeLimit to value 2.9992358860000013e+02
Gurobi Optimizer version 13.0.2 build v13.0.2rc1 (win64 - Windows 11+.0 (26200.2))

CPU model: 12th Gen Intel(R) Core(TM) i7-1255U, instruction set [SSE2|AVX|AVX2]
Thread count: 10 physical cores, 12 logical processors, using up to 12 threads

Non-default parameters:
TimeLimit  2.9992358860000013e+02

Academic license 2537843 - for non-commercial use only - registered to la___@ufmg.br
Optimize a model with 2531 rows, 13321 columns and 42361 nonzeros (Min)
Model fingerprint: 0x262664a2
Model has 13310 linear objective coefficients
Variable types: 0 continuous, 13321 integer (13321 binary)
Coefficient statistics:
  Matrix range     [1e+00, 1e+00]
  Objective range  [5e+01, 2e+06]
  Bounds range     [1e+00, 1e+00]
  RHS range        [1e+00, 3e+00]

Found heuristic solution: objective 1980967.2132
Presolve removed 0 rows and 1 columns
Presolve time: 0.03s
Presolved: 2531 rows, 13320 columns, 42358 nonzeros
Variable types: 0 continuous, 13320 integer (13320 binary)

Root relaxation: objective 1.176175e+06, 321 iterations, 0.01 seconds (0.01 work units)

    Nodes    |    Current Node    |     Objective Bounds      |     Work
 Expl Unexpl |  Obj  Depth IntInf | Incumbent    BestBd   Gap | It/Node Time

*    0     0               0    1176174.6908 1176174.69  0.00%     -    0s

Explored 1 nodes (321 simplex iterations) in 0.06 seconds (0.06 work units)
Thread count was 12 (of 12 available processors)

Solution count 2: 1.17617e+06 1.98097e+06 

Optimal solution found (tolerance 1.00e-04)
Best objective 1.176174690761e+06, best bound 1.176174690761e+06, gap 0.0000%

Gurobi 13.0.2 (win64) logging started Tue Aug 18 17:22:36 2026

Set parameter LogFile to value "Logs/gurobi.log"
Set parameter TimeLimit to value 2.9994810269999994e+02
Gurobi Optimizer version 13.0.2 build v13.0.2rc1 (win64 - Windows 11+.0 (26200.2))

CPU model: 12th Gen Intel(R) Core(TM) i7-1255U, instruction set [SSE2|AVX|AVX2]
Thread count: 10 physical cores, 12 logical processors, using up to 12 threads

Non-default parameters:
TimeLimit  2.9994810269999994e+02

Academic license 2537843 - for non-commercial use only - registered to la___@ufmg.br
Optimize a model with 2531 rows, 13321 columns and 42361 nonzeros (Min)
Model fingerprint: 0x222c4e23
Model has 13310 linear objective coefficients
Variable types: 0 continuous, 13321 integer (13321 binary)
Coefficient statistics:
  Matrix range     [1e+00, 1e+00]
  Objective range  [5e+01, 2e+06]
  Bounds range     [1e+00, 1e+00]
  RHS range        [1e+00, 5e+00]

Found heuristic solution: objective 4180275.1584
Presolve time: 0.03s
Presolved: 2531 rows, 13321 columns, 42361 nonzeros
Variable types: 0 continuous, 13321 integer (13321 binary)

Root relaxation: objective 1.162180e+06, 234 iterations, 0.01 seconds (0.01 work units)

    Nodes    |    Current Node    |     Objective Bounds      |     Work
 Expl Unexpl |  Obj  Depth IntInf | Incumbent    BestBd   Gap | It/Node Time

*    0     0               0    1162180.2960 1162180.30  0.00%     -    0s

Explored 1 nodes (234 simplex iterations) in 0.06 seconds (0.06 work units)
Thread count was 12 (of 12 available processors)

Solution count 2: 1.16218e+06 4.18028e+06 

Optimal solution found (tolerance 1.00e-04)
Best objective 1.162180296041e+06, best bound 1.162180296041e+06, gap 0.0000%

Gurobi 13.0.2 (win64) logging started Tue Aug 18 17:22:36 2026

Set parameter LogFile to value "Logs/gurobi.log"
Set parameter TimeLimit to value 299.9293169
Gurobi Optimizer version 13.0.2 build v13.0.2rc1 (win64 - Windows 11+.0 (26200.2))

CPU model: 12th Gen Intel(R) Core(TM) i7-1255U, instruction set [SSE2|AVX|AVX2]
Thread count: 10 physical cores, 12 logical processors, using up to 12 threads

Non-default parameters:
TimeLimit  299.9293169

Academic license 2537843 - for non-commercial use only - registered to la___@ufmg.br
Optimize a model with 2531 rows, 13321 columns and 42361 nonzeros (Min)
Model fingerprint: 0xc818c6a0
Model has 13310 linear objective coefficients
Variable types: 0 continuous, 13321 integer (13321 binary)
Coefficient statistics:
  Matrix range     [1e+00, 1e+00]
  Objective range  [5e+01, 2e+06]
  Bounds range     [1e+00, 1e+00]
  RHS range        [1e+00, 2e+00]

Found heuristic solution: objective 1936400.0591
Presolve removed 0 rows and 5 columns
Presolve time: 0.05s
Presolved: 2531 rows, 13316 columns, 42346 nonzeros
Variable types: 0 continuous, 13316 integer (13316 binary)

Root relaxation: objective 1.208678e+06, 513 iterations, 0.01 seconds (0.02 work units)

    Nodes    |    Current Node    |     Objective Bounds      |     Work
 Expl Unexpl |  Obj  Depth IntInf | Incumbent    BestBd   Gap | It/Node Time

*    0     0               0    1208677.6516 1208677.65  0.00%     -    0s

Explored 1 nodes (513 simplex iterations) in 0.08 seconds (0.11 work units)
Thread count was 12 (of 12 available processors)

Solution count 2: 1.20868e+06 1.9364e+06 

Optimal solution found (tolerance 1.00e-04)
Best objective 1.208677651552e+06, best bound 1.208677651552e+06, gap 0.0000%

Gurobi 13.0.2 (win64) logging started Tue Aug 18 17:22:36 2026

Set parameter LogFile to value "Logs/gurobi.log"
Set parameter TimeLimit to value 2.9994616990000009e+02
Gurobi Optimizer version 13.0.2 build v13.0.2rc1 (win64 - Windows 11+.0 (26200.2))

CPU model: 12th Gen Intel(R) Core(TM) i7-1255U, instruction set [SSE2|AVX|AVX2]
Thread count: 10 physical cores, 12 logical processors, using up to 12 threads

Non-default parameters:
TimeLimit  2.9994616990000009e+02

Academic license 2537843 - for non-commercial use only - registered to la___@ufmg.br
Optimize a model with 2531 rows, 13321 columns and 42361 nonzeros (Min)
Model fingerprint: 0x9c2490b4
Model has 13310 linear objective coefficients
Variable types: 0 continuous, 13321 integer (13321 binary)
Coefficient statistics:
  Matrix range     [1e+00, 1e+00]
  Objective range  [5e+01, 2e+06]
  Bounds range     [1e+00, 1e+00]
  RHS range        [1e+00, 3e+00]

Found heuristic solution: objective 2111023.8604
Presolve removed 0 rows and 2 columns
Presolve time: 0.03s
Presolved: 2531 rows, 13319 columns, 42355 nonzeros
Variable types: 0 continuous, 13319 integer (13319 binary)

Root relaxation: objective 1.176175e+06, 330 iterations, 0.01 seconds (0.01 work units)

    Nodes    |    Current Node    |     Objective Bounds      |     Work
 Expl Unexpl |  Obj  Depth IntInf | Incumbent    BestBd   Gap | It/Node Time

*    0     0               0    1176174.6908 1176174.69  0.00%     -    0s

Explored 1 nodes (330 simplex iterations) in 0.06 seconds (0.06 work units)
Thread count was 12 (of 12 available processors)

Solution count 2: 1.17617e+06 2.11102e+06 

Optimal solution found (tolerance 1.00e-04)
Best objective 1.176174690761e+06, best bound 1.176174690761e+06, gap 0.0000%

Gurobi 13.0.2 (win64) logging started Tue Aug 18 17:22:36 2026

Set parameter LogFile to value "Logs/gurobi.log"
Set parameter TimeLimit to value 2.9990062119999993e+02
Gurobi Optimizer version 13.0.2 build v13.0.2rc1 (win64 - Windows 11+.0 (26200.2))

CPU model: 12th Gen Intel(R) Core(TM) i7-1255U, instruction set [SSE2|AVX|AVX2]
Thread count: 10 physical cores, 12 logical processors, using up to 12 threads

Non-default parameters:
TimeLimit  2.9990062119999993e+02

Academic license 2537843 - for non-commercial use only - registered to la___@ufmg.br
Optimize a model with 2531 rows, 13321 columns and 42361 nonzeros (Min)
Model fingerprint: 0x565d720d
Model has 13310 linear objective coefficients
Variable types: 0 continuous, 13321 integer (13321 binary)
Coefficient statistics:
  Matrix range     [1e+00, 1e+00]
  Objective range  [5e+01, 2e+06]
  Bounds range     [1e+00, 1e+00]
  RHS range        [1e+00, 5e+00]

Found heuristic solution: objective 4664603.9455
Presolve time: 0.03s
Presolved: 2531 rows, 13321 columns, 42361 nonzeros
Variable types: 0 continuous, 13321 integer (13321 binary)

Root relaxation: objective 1.162180e+06, 235 iterations, 0.01 seconds (0.01 work units)

    Nodes    |    Current Node    |     Objective Bounds      |     Work
 Expl Unexpl |  Obj  Depth IntInf | Incumbent    BestBd   Gap | It/Node Time

*    0     0               0    1162180.2960 1162180.30  0.00%     -    0s

Explored 1 nodes (235 simplex iterations) in 0.06 seconds (0.06 work units)
Thread count was 12 (of 12 available processors)

Solution count 2: 1.16218e+06 4.6646e+06 

Optimal solution found (tolerance 1.00e-04)
Best objective 1.162180296041e+06, best bound 1.162180296041e+06, gap 0.0000%

Gurobi 13.0.2 (win64) logging started Tue Aug 18 17:22:36 2026

Set parameter LogFile to value "Logs/gurobi.log"
Set parameter TimeLimit to value 299.950875
Gurobi Optimizer version 13.0.2 build v13.0.2rc1 (win64 - Windows 11+.0 (26200.2))

CPU model: 12th Gen Intel(R) Core(TM) i7-1255U, instruction set [SSE2|AVX|AVX2]
Thread count: 10 physical cores, 12 logical processors, using up to 12 threads

Non-default parameters:
TimeLimit  299.950875

Academic license 2537843 - for non-commercial use only - registered to la___@ufmg.br
Optimize a model with 2531 rows, 13321 columns and 42361 nonzeros (Min)
Model fingerprint: 0x3736e5f6
Model has 13310 linear objective coefficients
Variable types: 0 continuous, 13321 integer (13321 binary)
Coefficient statistics:
  Matrix range     [1e+00, 1e+00]
  Objective range  [5e+01, 4e+06]
  Bounds range     [1e+00, 1e+00]
  RHS range        [1e+00, 2e+00]

Found heuristic solution: objective 2575738.3715
Presolve removed 0 rows and 54 columns
Presolve time: 0.05s
Presolved: 2531 rows, 13267 columns, 42199 nonzeros
Variable types: 0 continuous, 13267 integer (13267 binary)

Root relaxation: objective 1.208678e+06, 495 iterations, 0.01 seconds (0.02 work units)

    Nodes    |    Current Node    |     Objective Bounds      |     Work
 Expl Unexpl |  Obj  Depth IntInf | Incumbent    BestBd   Gap | It/Node Time

*    0     0               0    1208677.6516 1208677.65  0.00%     -    0s

Explored 1 nodes (495 simplex iterations) in 0.09 seconds (0.10 work units)
Thread count was 12 (of 12 available processors)

Solution count 2: 1.20868e+06 2.57574e+06 

Optimal solution found (tolerance 1.00e-04)
Best objective 1.208677651552e+06, best bound 1.208677651552e+06, gap 0.0000%

Gurobi 13.0.2 (win64) logging started Tue Aug 18 17:22:36 2026

Set parameter LogFile to value "Logs/gurobi.log"
Set parameter TimeLimit to value 2.9992131629999994e+02
Gurobi Optimizer version 13.0.2 build v13.0.2rc1 (win64 - Windows 11+.0 (26200.2))

CPU model: 12th Gen Intel(R) Core(TM) i7-1255U, instruction set [SSE2|AVX|AVX2]
Thread count: 10 physical cores, 12 logical processors, using up to 12 threads

Non-default parameters:
TimeLimit  2.9992131629999994e+02

Academic license 2537843 - for non-commercial use only - registered to la___@ufmg.br
Optimize a model with 2531 rows, 13321 columns and 42361 nonzeros (Min)
Model fingerprint: 0x60cb52a0
Model has 13310 linear objective coefficients
Variable types: 0 continuous, 13321 integer (13321 binary)
Coefficient statistics:
  Matrix range     [1e+00, 1e+00]
  Objective range  [5e+01, 4e+06]
  Bounds range     [1e+00, 1e+00]
  RHS range        [1e+00, 3e+00]

Found heuristic solution: objective 3086448.7140
Presolve removed 0 rows and 24 columns
Presolve time: 0.03s
Presolved: 2531 rows, 13297 columns, 42289 nonzeros
Variable types: 0 continuous, 13297 integer (13297 binary)

Root relaxation: objective 1.176175e+06, 320 iterations, 0.01 seconds (0.01 work units)

    Nodes    |    Current Node    |     Objective Bounds      |     Work
 Expl Unexpl |  Obj  Depth IntInf | Incumbent    BestBd   Gap | It/Node Time

*    0     0               0    1176174.6908 1176174.69  0.00%     -    0s

Explored 1 nodes (320 simplex iterations) in 0.07 seconds (0.08 work units)
Thread count was 12 (of 12 available processors)

Solution count 2: 1.17617e+06 3.08645e+06 

Optimal solution found (tolerance 1.00e-04)
Best objective 1.176174690761e+06, best bound 1.176174690761e+06, gap 0.0000%

Gurobi 13.0.2 (win64) logging started Tue Aug 18 17:22:37 2026

Set parameter LogFile to value "Logs/gurobi.log"
Set parameter TimeLimit to value 2.9994790710000007e+02
Gurobi Optimizer version 13.0.2 build v13.0.2rc1 (win64 - Windows 11+.0 (26200.2))

CPU model: 12th Gen Intel(R) Core(TM) i7-1255U, instruction set [SSE2|AVX|AVX2]
Thread count: 10 physical cores, 12 logical processors, using up to 12 threads

Non-default parameters:
TimeLimit  2.9994790710000007e+02

Academic license 2537843 - for non-commercial use only - registered to la___@ufmg.br
Optimize a model with 2531 rows, 13321 columns and 42361 nonzeros (Min)
Model fingerprint: 0x46028bfc
Model has 13310 linear objective coefficients
Variable types: 0 continuous, 13321 integer (13321 binary)
Coefficient statistics:
  Matrix range     [1e+00, 1e+00]
  Objective range  [5e+01, 4e+06]
  Bounds range     [1e+00, 1e+00]
  RHS range        [1e+00, 5e+00]

Found heuristic solution: objective 8297069.8494
Presolve time: 0.03s
Presolved: 2531 rows, 13321 columns, 42361 nonzeros
Variable types: 0 continuous, 13321 integer (13321 binary)

Root relaxation: objective 1.162180e+06, 237 iterations, 0.00 seconds (0.01 work units)

    Nodes    |    Current Node    |     Objective Bounds      |     Work
 Expl Unexpl |  Obj  Depth IntInf | Incumbent    BestBd   Gap | It/Node Time

*    0     0               0    1162180.2960 1162180.30  0.00%     -    0s

Explored 1 nodes (237 simplex iterations) in 0.06 seconds (0.06 work units)
Thread count was 12 (of 12 available processors)

Solution count 2: 1.16218e+06 8.29707e+06 

Optimal solution found (tolerance 1.00e-04)
Best objective 1.162180296041e+06, best bound 1.162180296041e+06, gap 0.0000%

Gurobi 13.0.2 (win64) logging started Tue Aug 18 17:22:37 2026

Set parameter LogFile to value "Logs/gurobi.log"
Set parameter TimeLimit to value 2.9992674029999989e+02
Gurobi Optimizer version 13.0.2 build v13.0.2rc1 (win64 - Windows 11+.0 (26200.2))

CPU model: 12th Gen Intel(R) Core(TM) i7-1255U, instruction set [SSE2|AVX|AVX2]
Thread count: 10 physical cores, 12 logical processors, using up to 12 threads

Non-default parameters:
TimeLimit  2.9992674029999989e+02

Academic license 2537843 - for non-commercial use only - registered to la___@ufmg.br
Optimize a model with 2531 rows, 13321 columns and 42361 nonzeros (Min)
Model fingerprint: 0x6d95efd7
Model has 13310 linear objective coefficients
Variable types: 0 continuous, 13321 integer (13321 binary)
Coefficient statistics:
  Matrix range     [1e+00, 1e+00]
  Objective range  [5e+01, 6e+06]
  Bounds range     [1e+00, 1e+00]
  RHS range        [1e+00, 2e+00]

Found heuristic solution: objective 3215076.6840
Presolve removed 0 rows and 78 columns
Presolve time: 0.05s
Presolved: 2531 rows, 13243 columns, 42127 nonzeros
Variable types: 0 continuous, 13243 integer (13243 binary)

Root relaxation: objective 1.208678e+06, 495 iterations, 0.01 seconds (0.02 work units)

    Nodes    |    Current Node    |     Objective Bounds      |     Work
 Expl Unexpl |  Obj  Depth IntInf | Incumbent    BestBd   Gap | It/Node Time

*    0     0               0    1208677.6516 1208677.65  0.00%     -    0s

Explored 1 nodes (495 simplex iterations) in 0.08 seconds (0.10 work units)
Thread count was 12 (of 12 available processors)

Solution count 2: 1.20868e+06 3.21508e+06 

Optimal solution found (tolerance 1.00e-04)
Best objective 1.208677651552e+06, best bound 1.208677651552e+06, gap 0.0000%

Gurobi 13.0.2 (win64) logging started Tue Aug 18 17:22:37 2026

Set parameter LogFile to value "Logs/gurobi.log"
Set parameter TimeLimit to value 2.9994852740000010e+02
Gurobi Optimizer version 13.0.2 build v13.0.2rc1 (win64 - Windows 11+.0 (26200.2))

CPU model: 12th Gen Intel(R) Core(TM) i7-1255U, instruction set [SSE2|AVX|AVX2]
Thread count: 10 physical cores, 12 logical processors, using up to 12 threads

Non-default parameters:
TimeLimit  2.9994852740000010e+02

Academic license 2537843 - for non-commercial use only - registered to la___@ufmg.br
Optimize a model with 2531 rows, 13321 columns and 42361 nonzeros (Min)
Model fingerprint: 0xf15682eb
Model has 13310 linear objective coefficients
Variable types: 0 continuous, 13321 integer (13321 binary)
Coefficient statistics:
  Matrix range     [1e+00, 1e+00]
  Objective range  [5e+01, 6e+06]
  Bounds range     [1e+00, 1e+00]
  RHS range        [1e+00, 3e+00]

Found heuristic solution: objective 4061873.5677
Presolve removed 0 rows and 44 columns
Presolve time: 0.03s
Presolved: 2531 rows, 13277 columns, 42229 nonzeros
Variable types: 0 continuous, 13277 integer (13277 binary)

Root relaxation: objective 1.176175e+06, 320 iterations, 0.01 seconds (0.01 work units)

    Nodes    |    Current Node    |     Objective Bounds      |     Work
 Expl Unexpl |  Obj  Depth IntInf | Incumbent    BestBd   Gap | It/Node Time

*    0     0               0    1176174.6908 1176174.69  0.00%     -    0s

Explored 1 nodes (320 simplex iterations) in 0.06 seconds (0.08 work units)
Thread count was 12 (of 12 available processors)

Solution count 2: 1.17617e+06 4.06187e+06 

Optimal solution found (tolerance 1.00e-04)
Best objective 1.176174690761e+06, best bound 1.176174690761e+06, gap 0.0000%

Gurobi 13.0.2 (win64) logging started Tue Aug 18 17:22:37 2026

Set parameter LogFile to value "Logs/gurobi.log"
Set parameter TimeLimit to value 299.9264028
Gurobi Optimizer version 13.0.2 build v13.0.2rc1 (win64 - Windows 11+.0 (26200.2))

CPU model: 12th Gen Intel(R) Core(TM) i7-1255U, instruction set [SSE2|AVX|AVX2]
Thread count: 10 physical cores, 12 logical processors, using up to 12 threads

Non-default parameters:
TimeLimit  299.9264028

Academic license 2537843 - for non-commercial use only - registered to la___@ufmg.br
Optimize a model with 2531 rows, 13321 columns and 42361 nonzeros (Min)
Model fingerprint: 0x68389b18
Model has 13310 linear objective coefficients
Variable types: 0 continuous, 13321 integer (13321 binary)
Coefficient statistics:
  Matrix range     [1e+00, 1e+00]
  Objective range  [5e+01, 6e+06]
  Bounds range     [1e+00, 1e+00]
  RHS range        [1e+00, 5e+00]

Found heuristic solution: objective 1.192954e+07
Presolve time: 0.02s
Presolved: 2531 rows, 13321 columns, 42361 nonzeros
Variable types: 0 continuous, 13321 integer (13321 binary)

Root relaxation: objective 1.162180e+06, 237 iterations, 0.00 seconds (0.01 work units)

    Nodes    |    Current Node    |     Objective Bounds      |     Work
 Expl Unexpl |  Obj  Depth IntInf | Incumbent    BestBd   Gap | It/Node Time

*    0     0               0    1162180.2960 1162180.30  0.00%     -    0s

Explored 1 nodes (237 simplex iterations) in 0.05 seconds (0.06 work units)
Thread count was 12 (of 12 available processors)

Solution count 2: 1.16218e+06 1.19295e+07 

Optimal solution found (tolerance 1.00e-04)
Best objective 1.162180296041e+06, best bound 1.162180296041e+06, gap 0.0000%

Gurobi 13.0.2 (win64) logging started Tue Aug 18 17:25:49 2026

Set parameter LogFile to value "Logs/gurobi.log"
Set parameter TimeLimit to value 2.9991371670000012e+02
Gurobi Optimizer version 13.0.2 build v13.0.2rc1 (win64 - Windows 11+.0 (26200.2))

CPU model: 12th Gen Intel(R) Core(TM) i7-1255U, instruction set [SSE2|AVX|AVX2]
Thread count: 10 physical cores, 12 logical processors, using up to 12 threads

Non-default parameters:
TimeLimit  2.9991371670000012e+02

Academic license 2537843 - for non-commercial use only - registered to la___@ufmg.br
Optimize a model with 2531 rows, 13321 columns and 42361 nonzeros (Min)
Model fingerprint: 0xa010487b
Model has 13310 linear objective coefficients
Variable types: 0 continuous, 13321 integer (13321 binary)
Coefficient statistics:
  Matrix range     [1e+00, 1e+00]
  Objective range  [5e+01, 4e+06]
  Bounds range     [1e+00, 1e+00]
  RHS range        [1e+00, 2e+00]

Found heuristic solution: objective 2362625.6007
Presolve removed 0 rows and 45 columns
Presolve time: 0.05s
Presolved: 2531 rows, 13276 columns, 42226 nonzeros
Variable types: 0 continuous, 13276 integer (13276 binary)

Root relaxation: objective 1.208678e+06, 495 iterations, 0.01 seconds (0.02 work units)

    Nodes    |    Current Node    |     Objective Bounds      |     Work
 Expl Unexpl |  Obj  Depth IntInf | Incumbent    BestBd   Gap | It/Node Time

*    0     0               0    1208677.6516 1208677.65  0.00%     -    0s

Explored 1 nodes (495 simplex iterations) in 0.09 seconds (0.10 work units)
Thread count was 12 (of 12 available processors)

Solution count 2: 1.20868e+06 2.36263e+06 

Optimal solution found (tolerance 1.00e-04)
Best objective 1.208677651552e+06, best bound 1.208677651552e+06, gap 0.0000%

Gurobi 13.0.2 (win64) logging started Tue Aug 18 17:25:49 2026

Set parameter LogFile to value "Logs/gurobi.log"
Set parameter TimeLimit to value 2.9994692290000012e+02
Gurobi Optimizer version 13.0.2 build v13.0.2rc1 (win64 - Windows 11+.0 (26200.2))

CPU model: 12th Gen Intel(R) Core(TM) i7-1255U, instruction set [SSE2|AVX|AVX2]
Thread count: 10 physical cores, 12 logical processors, using up to 12 threads

Non-default parameters:
TimeLimit  2.9994692290000012e+02

Academic license 2537843 - for non-commercial use only - registered to la___@ufmg.br
Optimize a model with 2531 rows, 13321 columns and 42361 nonzeros (Min)
Model fingerprint: 0x339bc502
Model has 13310 linear objective coefficients
Variable types: 0 continuous, 13321 integer (13321 binary)
Coefficient statistics:
  Matrix range     [1e+00, 1e+00]
  Objective range  [5e+01, 4e+06]
  Bounds range     [1e+00, 1e+00]
  RHS range        [1e+00, 3e+00]

Found heuristic solution: objective 2761307.0961
Presolve removed 0 rows and 16 columns
Presolve time: 0.03s
Presolved: 2531 rows, 13305 columns, 42313 nonzeros
Variable types: 0 continuous, 13305 integer (13305 binary)

Root relaxation: objective 1.176175e+06, 320 iterations, 0.01 seconds (0.01 work units)

    Nodes    |    Current Node    |     Objective Bounds      |     Work
 Expl Unexpl |  Obj  Depth IntInf | Incumbent    BestBd   Gap | It/Node Time

*    0     0               0    1176174.6908 1176174.69  0.00%     -    0s

Explored 1 nodes (320 simplex iterations) in 0.06 seconds (0.08 work units)
Thread count was 12 (of 12 available processors)

Solution count 2: 1.17617e+06 2.76131e+06 

Optimal solution found (tolerance 1.00e-04)
Best objective 1.176174690761e+06, best bound 1.176174690761e+06, gap 0.0000%

Gurobi 13.0.2 (win64) logging started Tue Aug 18 17:25:49 2026

Set parameter LogFile to value "Logs/gurobi.log"
Set parameter TimeLimit to value 2.9994716000000017e+02
Gurobi Optimizer version 13.0.2 build v13.0.2rc1 (win64 - Windows 11+.0 (26200.2))

CPU model: 12th Gen Intel(R) Core(TM) i7-1255U, instruction set [SSE2|AVX|AVX2]
Thread count: 10 physical cores, 12 logical processors, using up to 12 threads

Non-default parameters:
TimeLimit  2.9994716000000017e+02

Academic license 2537843 - for non-commercial use only - registered to la___@ufmg.br
Optimize a model with 2531 rows, 13321 columns and 42361 nonzeros (Min)
Model fingerprint: 0xa5ca1636
Model has 13310 linear objective coefficients
Variable types: 0 continuous, 13321 integer (13321 binary)
Coefficient statistics:
  Matrix range     [1e+00, 1e+00]
  Objective range  [5e+01, 4e+06]
  Bounds range     [1e+00, 1e+00]
  RHS range        [1e+00, 5e+00]

Found heuristic solution: objective 7086247.8814
Presolve time: 0.03s
Presolved: 2531 rows, 13321 columns, 42361 nonzeros
Variable types: 0 continuous, 13321 integer (13321 binary)

Root relaxation: objective 1.162180e+06, 237 iterations, 0.01 seconds (0.01 work units)

    Nodes    |    Current Node    |     Objective Bounds      |     Work
 Expl Unexpl |  Obj  Depth IntInf | Incumbent    BestBd   Gap | It/Node Time

*    0     0               0    1162180.2960 1162180.30  0.00%     -    0s

Explored 1 nodes (237 simplex iterations) in 0.07 seconds (0.06 work units)
Thread count was 12 (of 12 available processors)

Solution count 2: 1.16218e+06 7.08625e+06 

Optimal solution found (tolerance 1.00e-04)
Best objective 1.162180296041e+06, best bound 1.162180296041e+06, gap 0.0000%

Gurobi 13.0.2 (win64) logging started Tue Aug 18 17:25:49 2026

Set parameter LogFile to value "Logs/gurobi.log"
Set parameter TimeLimit to value 2.9992548779999993e+02
Gurobi Optimizer version 13.0.2 build v13.0.2rc1 (win64 - Windows 11+.0 (26200.2))

CPU model: 12th Gen Intel(R) Core(TM) i7-1255U, instruction set [SSE2|AVX|AVX2]
Thread count: 10 physical cores, 12 logical processors, using up to 12 threads

Non-default parameters:
TimeLimit  2.9992548779999993e+02

Academic license 2537843 - for non-commercial use only - registered to la___@ufmg.br
Optimize a model with 2531 rows, 13321 columns and 42361 nonzeros (Min)
Model fingerprint: 0xa336d1d1
Model has 13310 linear objective coefficients
Variable types: 0 continuous, 13321 integer (13321 binary)
Coefficient statistics:
  Matrix range     [1e+00, 1e+00]
  Objective range  [5e+01, 8e+06]
  Bounds range     [1e+00, 1e+00]
  RHS range        [1e+00, 2e+00]

Found heuristic solution: objective 3641302.2256
Presolve removed 0 rows and 98 columns
Presolve time: 0.06s
Presolved: 2531 rows, 13223 columns, 42067 nonzeros
Variable types: 0 continuous, 13223 integer (13223 binary)

Root relaxation: objective 1.208678e+06, 495 iterations, 0.01 seconds (0.02 work units)

    Nodes    |    Current Node    |     Objective Bounds      |     Work
 Expl Unexpl |  Obj  Depth IntInf | Incumbent    BestBd   Gap | It/Node Time

*    0     0               0    1208677.6516 1208677.65  0.00%     -    0s

Explored 1 nodes (495 simplex iterations) in 0.11 seconds (0.10 work units)
Thread count was 12 (of 12 available processors)

Solution count 2: 1.20868e+06 3.6413e+06 

Optimal solution found (tolerance 1.00e-04)
Best objective 1.208677651552e+06, best bound 1.208677651552e+06, gap 0.0000%

Gurobi 13.0.2 (win64) logging started Tue Aug 18 17:25:49 2026

Set parameter LogFile to value "Logs/gurobi.log"
Set parameter TimeLimit to value 2.9994877339999994e+02
Gurobi Optimizer version 13.0.2 build v13.0.2rc1 (win64 - Windows 11+.0 (26200.2))

CPU model: 12th Gen Intel(R) Core(TM) i7-1255U, instruction set [SSE2|AVX|AVX2]
Thread count: 10 physical cores, 12 logical processors, using up to 12 threads

Non-default parameters:
TimeLimit  2.9994877339999994e+02

Academic license 2537843 - for non-commercial use only - registered to la___@ufmg.br
Optimize a model with 2531 rows, 13321 columns and 42361 nonzeros (Min)
Model fingerprint: 0x3ce6188f
Model has 13310 linear objective coefficients
Variable types: 0 continuous, 13321 integer (13321 binary)
Coefficient statistics:
  Matrix range     [1e+00, 1e+00]
  Objective range  [5e+01, 8e+06]
  Bounds range     [1e+00, 1e+00]
  RHS range        [1e+00, 3e+00]

Found heuristic solution: objective 4712156.8035
Presolve removed 0 rows and 48 columns
Presolve time: 0.03s
Presolved: 2531 rows, 13273 columns, 42217 nonzeros
Variable types: 0 continuous, 13273 integer (13273 binary)

Root relaxation: objective 1.176175e+06, 320 iterations, 0.01 seconds (0.01 work units)

    Nodes    |    Current Node    |     Objective Bounds      |     Work
 Expl Unexpl |  Obj  Depth IntInf | Incumbent    BestBd   Gap | It/Node Time

*    0     0               0    1176174.6908 1176174.69  0.00%     -    0s

Explored 1 nodes (320 simplex iterations) in 0.06 seconds (0.08 work units)
Thread count was 12 (of 12 available processors)

Solution count 2: 1.17617e+06 4.71216e+06 

Optimal solution found (tolerance 1.00e-04)
Best objective 1.176174690761e+06, best bound 1.176174690761e+06, gap 0.0000%

Gurobi 13.0.2 (win64) logging started Tue Aug 18 17:25:49 2026

Set parameter LogFile to value "Logs/gurobi.log"
Set parameter TimeLimit to value 2.9992960459999995e+02
Gurobi Optimizer version 13.0.2 build v13.0.2rc1 (win64 - Windows 11+.0 (26200.2))

CPU model: 12th Gen Intel(R) Core(TM) i7-1255U, instruction set [SSE2|AVX|AVX2]
Thread count: 10 physical cores, 12 logical processors, using up to 12 threads

Non-default parameters:
TimeLimit  2.9992960459999995e+02

Academic license 2537843 - for non-commercial use only - registered to la___@ufmg.br
Optimize a model with 2531 rows, 13321 columns and 42361 nonzeros (Min)
Model fingerprint: 0xd557aa31
Model has 13310 linear objective coefficients
Variable types: 0 continuous, 13321 integer (13321 binary)
Coefficient statistics:
  Matrix range     [1e+00, 1e+00]
  Objective range  [5e+01, 8e+06]
  Bounds range     [1e+00, 1e+00]
  RHS range        [1e+00, 5e+00]

Found heuristic solution: objective 1.435118e+07
Presolve time: 0.03s
Presolved: 2531 rows, 13321 columns, 42361 nonzeros
Variable types: 0 continuous, 13321 integer (13321 binary)

Root relaxation: objective 1.162180e+06, 237 iterations, 0.01 seconds (0.01 work units)

    Nodes    |    Current Node    |     Objective Bounds      |     Work
 Expl Unexpl |  Obj  Depth IntInf | Incumbent    BestBd   Gap | It/Node Time

*    0     0               0    1162180.2960 1162180.30  0.00%     -    0s

Explored 1 nodes (237 simplex iterations) in 0.06 seconds (0.06 work units)
Thread count was 12 (of 12 available processors)

Solution count 2: 1.16218e+06 1.43512e+07 

Optimal solution found (tolerance 1.00e-04)
Best objective 1.162180296041e+06, best bound 1.162180296041e+06, gap 0.0000%

Gurobi 13.0.2 (win64) logging started Tue Aug 18 17:25:50 2026

Set parameter LogFile to value "Logs/gurobi.log"
Set parameter TimeLimit to value 2.9995008299999995e+02
Gurobi Optimizer version 13.0.2 build v13.0.2rc1 (win64 - Windows 11+.0 (26200.2))

CPU model: 12th Gen Intel(R) Core(TM) i7-1255U, instruction set [SSE2|AVX|AVX2]
Thread count: 10 physical cores, 12 logical processors, using up to 12 threads

Non-default parameters:
TimeLimit  2.9995008299999995e+02

Academic license 2537843 - for non-commercial use only - registered to la___@ufmg.br
Optimize a model with 2531 rows, 13321 columns and 42361 nonzeros (Min)
Model fingerprint: 0xa90c51ea
Model has 13310 linear objective coefficients
Variable types: 0 continuous, 13321 integer (13321 binary)
Coefficient statistics:
  Matrix range     [1e+00, 1e+00]
  Objective range  [5e+01, 1e+07]
  Bounds range     [1e+00, 1e+00]
  RHS range        [1e+00, 2e+00]

Found heuristic solution: objective 4919978.8505
Presolve removed 0 rows and 116 columns
Presolve time: 0.05s
Presolved: 2531 rows, 13205 columns, 42013 nonzeros
Variable types: 0 continuous, 13205 integer (13205 binary)

Root relaxation: objective 1.208678e+06, 495 iterations, 0.01 seconds (0.02 work units)

    Nodes    |    Current Node    |     Objective Bounds      |     Work
 Expl Unexpl |  Obj  Depth IntInf | Incumbent    BestBd   Gap | It/Node Time

*    0     0               0    1208677.6516 1208677.65  0.00%     -    0s

Explored 1 nodes (495 simplex iterations) in 0.09 seconds (0.10 work units)
Thread count was 12 (of 12 available processors)

Solution count 2: 1.20868e+06 4.91998e+06 

Optimal solution found (tolerance 1.00e-04)
Best objective 1.208677651552e+06, best bound 1.208677651552e+06, gap 0.0000%

Gurobi 13.0.2 (win64) logging started Tue Aug 18 17:25:50 2026

Set parameter LogFile to value "Logs/gurobi.log"
Set parameter TimeLimit to value 2.9991924710000012e+02
Gurobi Optimizer version 13.0.2 build v13.0.2rc1 (win64 - Windows 11+.0 (26200.2))

CPU model: 12th Gen Intel(R) Core(TM) i7-1255U, instruction set [SSE2|AVX|AVX2]
Thread count: 10 physical cores, 12 logical processors, using up to 12 threads

Non-default parameters:
TimeLimit  2.9991924710000012e+02

Academic license 2537843 - for non-commercial use only - registered to la___@ufmg.br
Optimize a model with 2531 rows, 13321 columns and 42361 nonzeros (Min)
Model fingerprint: 0x8254ccdd
Model has 13310 linear objective coefficients
Variable types: 0 continuous, 13321 integer (13321 binary)
Coefficient statistics:
  Matrix range     [1e+00, 1e+00]
  Objective range  [5e+01, 1e+07]
  Bounds range     [1e+00, 1e+00]
  RHS range        [1e+00, 3e+00]

Found heuristic solution: objective 6663006.5108
Presolve removed 0 rows and 60 columns
Presolve time: 0.04s
Presolved: 2531 rows, 13261 columns, 42181 nonzeros
Variable types: 0 continuous, 13261 integer (13261 binary)

Root relaxation: objective 1.176175e+06, 320 iterations, 0.02 seconds (0.01 work units)

    Nodes    |    Current Node    |     Objective Bounds      |     Work
 Expl Unexpl |  Obj  Depth IntInf | Incumbent    BestBd   Gap | It/Node Time

*    0     0               0    1176174.6908 1176174.69  0.00%     -    0s

Explored 1 nodes (320 simplex iterations) in 0.10 seconds (0.08 work units)
Thread count was 12 (of 12 available processors)

Solution count 2: 1.17617e+06 6.66301e+06 

Optimal solution found (tolerance 1.00e-04)
Best objective 1.176174690761e+06, best bound 1.176174690761e+06, gap 0.0000%

Gurobi 13.0.2 (win64) logging started Tue Aug 18 17:25:50 2026

Set parameter LogFile to value "Logs/gurobi.log"
Set parameter TimeLimit to value 2.9994760569999994e+02
Gurobi Optimizer version 13.0.2 build v13.0.2rc1 (win64 - Windows 11+.0 (26200.2))

CPU model: 12th Gen Intel(R) Core(TM) i7-1255U, instruction set [SSE2|AVX|AVX2]
Thread count: 10 physical cores, 12 logical processors, using up to 12 threads

Non-default parameters:
TimeLimit  2.9994760569999994e+02

Academic license 2537843 - for non-commercial use only - registered to la___@ufmg.br
Optimize a model with 2531 rows, 13321 columns and 42361 nonzeros (Min)
Model fingerprint: 0x8d09f20f
Model has 13310 linear objective coefficients
Variable types: 0 continuous, 13321 integer (13321 binary)
Coefficient statistics:
  Matrix range     [1e+00, 1e+00]
  Objective range  [5e+01, 1e+07]
  Bounds range     [1e+00, 1e+00]
  RHS range        [1e+00, 5e+00]

Found heuristic solution: objective 2.161611e+07
Presolve time: 0.03s
Presolved: 2531 rows, 13321 columns, 42361 nonzeros
Variable types: 0 continuous, 13321 integer (13321 binary)

Root relaxation: objective 1.162180e+06, 237 iterations, 0.01 seconds (0.01 work units)

    Nodes    |    Current Node    |     Objective Bounds      |     Work
 Expl Unexpl |  Obj  Depth IntInf | Incumbent    BestBd   Gap | It/Node Time

*    0     0               0    1162180.2960 1162180.30  0.00%     -    0s

Explored 1 nodes (237 simplex iterations) in 0.06 seconds (0.06 work units)
Thread count was 12 (of 12 available processors)

Solution count 2: 1.16218e+06 2.16161e+07 

Optimal solution found (tolerance 1.00e-04)
Best objective 1.162180296041e+06, best bound 1.162180296041e+06, gap 0.0000%

Gurobi 13.0.2 (win64) logging started Tue Aug 18 17:31:05 2026

Set parameter LogFile to value "Logs/gurobi.log"
Set parameter TimeLimit to value 2.9991002810000009e+02
Gurobi Optimizer version 13.0.2 build v13.0.2rc1 (win64 - Windows 11+.0 (26200.2))

CPU model: 12th Gen Intel(R) Core(TM) i7-1255U, instruction set [SSE2|AVX|AVX2]
Thread count: 10 physical cores, 12 logical processors, using up to 12 threads

Non-default parameters:
TimeLimit  2.9991002810000009e+02

Academic license 2537843 - for non-commercial use only - registered to la___@ufmg.br
Optimize a model with 2531 rows, 13321 columns and 42361 nonzeros (Min)
Model fingerprint: 0x55d7bd95
Model has 13310 linear objective coefficients
Variable types: 0 continuous, 13321 integer (13321 binary)
Coefficient statistics:
  Matrix range     [1e+00, 1e+00]
  Objective range  [2e-01, 2e+04]
  Bounds range     [1e+00, 1e+00]
  RHS range        [1e+00, 2e+00]

Found heuristic solution: objective 25213.265871
Presolve time: 0.05s
Presolved: 2531 rows, 13321 columns, 42361 nonzeros
Variable types: 0 continuous, 13321 integer (13321 binary)

Root relaxation: objective 1.133538e+04, 1259 iterations, 0.01 seconds (0.02 work units)

    Nodes    |    Current Node    |     Objective Bounds      |     Work
 Expl Unexpl |  Obj  Depth IntInf | Incumbent    BestBd   Gap | It/Node Time

*    0     0               0    11335.384345 11335.3843  0.00%     -    0s

Explored 1 nodes (1259 simplex iterations) in 0.09 seconds (0.09 work units)
Thread count was 12 (of 12 available processors)

Solution count 2: 11335.4 25213.3 

Optimal solution found (tolerance 1.00e-04)
Best objective 1.133538434508e+04, best bound 1.133538434508e+04, gap 0.0000%

Gurobi 13.0.2 (win64) logging started Tue Aug 18 17:31:05 2026

Set parameter LogFile to value "Logs/gurobi.log"
Set parameter TimeLimit to value 299.9485508
Gurobi Optimizer version 13.0.2 build v13.0.2rc1 (win64 - Windows 11+.0 (26200.2))

CPU model: 12th Gen Intel(R) Core(TM) i7-1255U, instruction set [SSE2|AVX|AVX2]
Thread count: 10 physical cores, 12 logical processors, using up to 12 threads

Non-default parameters:
TimeLimit  299.9485508

Academic license 2537843 - for non-commercial use only - registered to la___@ufmg.br
Optimize a model with 2531 rows, 13321 columns and 42361 nonzeros (Min)
Model fingerprint: 0xa010487b
Model has 13310 linear objective coefficients
Variable types: 0 continuous, 13321 integer (13321 binary)
Coefficient statistics:
  Matrix range     [1e+00, 1e+00]
  Objective range  [5e+01, 4e+06]
  Bounds range     [1e+00, 1e+00]
  RHS range        [1e+00, 2e+00]

Found heuristic solution: objective 2362625.6007
Presolve removed 0 rows and 45 columns
Presolve time: 0.05s
Presolved: 2531 rows, 13276 columns, 42226 nonzeros
Variable types: 0 continuous, 13276 integer (13276 binary)

Root relaxation: objective 1.208678e+06, 495 iterations, 0.01 seconds (0.02 work units)

    Nodes    |    Current Node    |     Objective Bounds      |     Work
 Expl Unexpl |  Obj  Depth IntInf | Incumbent    BestBd   Gap | It/Node Time

*    0     0               0    1208677.6516 1208677.65  0.00%     -    0s

Explored 1 nodes (495 simplex iterations) in 0.08 seconds (0.10 work units)
Thread count was 12 (of 12 available processors)

Solution count 2: 1.20868e+06 2.36263e+06 

Optimal solution found (tolerance 1.00e-04)
Best objective 1.208677651552e+06, best bound 1.208677651552e+06, gap 0.0000%

Gurobi 13.0.2 (win64) logging started Tue Aug 18 17:31:05 2026

Set parameter LogFile to value "Logs/gurobi.log"
Set parameter TimeLimit to value 2.9994875379999985e+02
Gurobi Optimizer version 13.0.2 build v13.0.2rc1 (win64 - Windows 11+.0 (26200.2))

CPU model: 12th Gen Intel(R) Core(TM) i7-1255U, instruction set [SSE2|AVX|AVX2]
Thread count: 10 physical cores, 12 logical processors, using up to 12 threads

Non-default parameters:
TimeLimit  2.9994875379999985e+02

Academic license 2537843 - for non-commercial use only - registered to la___@ufmg.br
Optimize a model with 2531 rows, 13321 columns and 42361 nonzeros (Min)
Model fingerprint: 0x023057d6
Model has 13310 linear objective coefficients
Variable types: 0 continuous, 13321 integer (13321 binary)
Coefficient statistics:
  Matrix range     [1e+00, 1e+00]
  Objective range  [2e-01, 2e+04]
  Bounds range     [1e+00, 1e+00]
  RHS range        [1e+00, 3e+00]

Found heuristic solution: objective 24165.478297
Presolve time: 0.03s
Presolved: 2531 rows, 13321 columns, 42361 nonzeros
Variable types: 0 continuous, 13321 integer (13321 binary)

Root relaxation: objective 8.869618e+03, 1188 iterations, 0.02 seconds (0.02 work units)

    Nodes    |    Current Node    |     Objective Bounds      |     Work
 Expl Unexpl |  Obj  Depth IntInf | Incumbent    BestBd   Gap | It/Node Time

*    0     0               0    8869.6175149 8869.61751  0.00%     -    0s

Explored 1 nodes (1188 simplex iterations) in 0.07 seconds (0.08 work units)
Thread count was 12 (of 12 available processors)

Solution count 2: 8869.62 24165.5 

Optimal solution found (tolerance 1.00e-04)
Best objective 8.869617514926e+03, best bound 8.869617514926e+03, gap 0.0000%

Gurobi 13.0.2 (win64) logging started Tue Aug 18 17:31:05 2026

Set parameter LogFile to value "Logs/gurobi.log"
Set parameter TimeLimit to value 2.9992616560000010e+02
Gurobi Optimizer version 13.0.2 build v13.0.2rc1 (win64 - Windows 11+.0 (26200.2))

CPU model: 12th Gen Intel(R) Core(TM) i7-1255U, instruction set [SSE2|AVX|AVX2]
Thread count: 10 physical cores, 12 logical processors, using up to 12 threads

Non-default parameters:
TimeLimit  2.9992616560000010e+02

Academic license 2537843 - for non-commercial use only - registered to la___@ufmg.br
Optimize a model with 2531 rows, 13321 columns and 42361 nonzeros (Min)
Model fingerprint: 0x339bc502
Model has 13310 linear objective coefficients
Variable types: 0 continuous, 13321 integer (13321 binary)
Coefficient statistics:
  Matrix range     [1e+00, 1e+00]
  Objective range  [5e+01, 4e+06]
  Bounds range     [1e+00, 1e+00]
  RHS range        [1e+00, 3e+00]

Found heuristic solution: objective 2761307.0961
Presolve removed 0 rows and 16 columns
Presolve time: 0.03s
Presolved: 2531 rows, 13305 columns, 42313 nonzeros
Variable types: 0 continuous, 13305 integer (13305 binary)

Root relaxation: objective 1.176175e+06, 320 iterations, 0.01 seconds (0.01 work units)

    Nodes    |    Current Node    |     Objective Bounds      |     Work
 Expl Unexpl |  Obj  Depth IntInf | Incumbent    BestBd   Gap | It/Node Time

*    0     0               0    1176174.6908 1176174.69  0.00%     -    0s

Explored 1 nodes (320 simplex iterations) in 0.07 seconds (0.08 work units)
Thread count was 12 (of 12 available processors)

Solution count 2: 1.17617e+06 2.76131e+06 

Optimal solution found (tolerance 1.00e-04)
Best objective 1.176174690761e+06, best bound 1.176174690761e+06, gap 0.0000%

Gurobi 13.0.2 (win64) logging started Tue Aug 18 17:31:05 2026

Set parameter LogFile to value "Logs/gurobi.log"
Set parameter TimeLimit to value 2.9994884209999987e+02
Gurobi Optimizer version 13.0.2 build v13.0.2rc1 (win64 - Windows 11+.0 (26200.2))

CPU model: 12th Gen Intel(R) Core(TM) i7-1255U, instruction set [SSE2|AVX|AVX2]
Thread count: 10 physical cores, 12 logical processors, using up to 12 threads

Non-default parameters:
TimeLimit  2.9994884209999987e+02

Academic license 2537843 - for non-commercial use only - registered to la___@ufmg.br
Optimize a model with 2531 rows, 13321 columns and 42361 nonzeros (Min)
Model fingerprint: 0x73d43bbb
Model has 13310 linear objective coefficients
Variable types: 0 continuous, 13321 integer (13321 binary)
Coefficient statistics:
  Matrix range     [1e+00, 1e+00]
  Objective range  [2e-01, 2e+04]
  Bounds range     [1e+00, 1e+00]
  RHS range        [1e+00, 5e+00]

Found heuristic solution: objective 48753.568735
Presolve time: 0.03s
Presolved: 2531 rows, 13321 columns, 42361 nonzeros
Variable types: 0 continuous, 13321 integer (13321 binary)

Root relaxation: objective 5.008789e+03, 721 iterations, 0.02 seconds (0.03 work units)

    Nodes    |    Current Node    |     Objective Bounds      |     Work
 Expl Unexpl |  Obj  Depth IntInf | Incumbent    BestBd   Gap | It/Node Time

*    0     0               0    5008.7885775 5008.78858  0.00%     -    0s

Explored 1 nodes (721 simplex iterations) in 0.08 seconds (0.08 work units)
Thread count was 12 (of 12 available processors)

Solution count 2: 5008.79 48753.6 

Optimal solution found (tolerance 1.00e-04)
Best objective 5.008788577463e+03, best bound 5.008788577463e+03, gap 0.0000%

Gurobi 13.0.2 (win64) logging started Tue Aug 18 17:31:05 2026

Set parameter LogFile to value "Logs/gurobi.log"
Set parameter TimeLimit to value 2.9992705149999983e+02
Gurobi Optimizer version 13.0.2 build v13.0.2rc1 (win64 - Windows 11+.0 (26200.2))

CPU model: 12th Gen Intel(R) Core(TM) i7-1255U, instruction set [SSE2|AVX|AVX2]
Thread count: 10 physical cores, 12 logical processors, using up to 12 threads

Non-default parameters:
TimeLimit  2.9992705149999983e+02

Academic license 2537843 - for non-commercial use only - registered to la___@ufmg.br
Optimize a model with 2531 rows, 13321 columns and 42361 nonzeros (Min)
Model fingerprint: 0xa5ca1636
Model has 13310 linear objective coefficients
Variable types: 0 continuous, 13321 integer (13321 binary)
Coefficient statistics:
  Matrix range     [1e+00, 1e+00]
  Objective range  [5e+01, 4e+06]
  Bounds range     [1e+00, 1e+00]
  RHS range        [1e+00, 5e+00]

Found heuristic solution: objective 7086247.8814
Presolve time: 0.02s
Presolved: 2531 rows, 13321 columns, 42361 nonzeros
Variable types: 0 continuous, 13321 integer (13321 binary)

Root relaxation: objective 1.162180e+06, 237 iterations, 0.01 seconds (0.01 work units)

    Nodes    |    Current Node    |     Objective Bounds      |     Work
 Expl Unexpl |  Obj  Depth IntInf | Incumbent    BestBd   Gap | It/Node Time

*    0     0               0    1162180.2960 1162180.30  0.00%     -    0s

Explored 1 nodes (237 simplex iterations) in 0.06 seconds (0.06 work units)
Thread count was 12 (of 12 available processors)

Solution count 2: 1.16218e+06 7.08625e+06 

Optimal solution found (tolerance 1.00e-04)
Best objective 1.162180296041e+06, best bound 1.162180296041e+06, gap 0.0000%

Gurobi 13.0.2 (win64) logging started Tue Aug 18 17:31:05 2026

Set parameter LogFile to value "Logs/gurobi.log"
Set parameter TimeLimit to value 2.9994907250000006e+02
Gurobi Optimizer version 13.0.2 build v13.0.2rc1 (win64 - Windows 11+.0 (26200.2))

CPU model: 12th Gen Intel(R) Core(TM) i7-1255U, instruction set [SSE2|AVX|AVX2]
Thread count: 10 physical cores, 12 logical processors, using up to 12 threads

Non-default parameters:
TimeLimit  2.9994907250000006e+02

Academic license 2537843 - for non-commercial use only - registered to la___@ufmg.br
Optimize a model with 2531 rows, 13321 columns and 42361 nonzeros (Min)
Model fingerprint: 0xfcce6558
Model has 13310 linear objective coefficients
Variable types: 0 continuous, 13321 integer (13321 binary)
Coefficient statistics:
  Matrix range     [1e+00, 1e+00]
  Objective range  [6e-01, 2e+04]
  Bounds range     [1e+00, 1e+00]
  RHS range        [1e+00, 2e+00]

Found heuristic solution: objective 26491.942495
Presolve time: 0.05s
Presolved: 2531 rows, 13321 columns, 42361 nonzeros
Variable types: 0 continuous, 13321 integer (13321 binary)

Root relaxation: objective 1.299965e+04, 1105 iterations, 0.01 seconds (0.02 work units)

    Nodes    |    Current Node    |     Objective Bounds      |     Work
 Expl Unexpl |  Obj  Depth IntInf | Incumbent    BestBd   Gap | It/Node Time

*    0     0               0    12999.646791 12999.6468  0.00%     -    0s

Explored 1 nodes (1105 simplex iterations) in 0.09 seconds (0.10 work units)
Thread count was 12 (of 12 available processors)

Solution count 2: 12999.6 26491.9 

Optimal solution found (tolerance 1.00e-04)
Best objective 1.299964679075e+04, best bound 1.299964679075e+04, gap 0.0000%

Gurobi 13.0.2 (win64) logging started Tue Aug 18 17:31:06 2026

Set parameter LogFile to value "Logs/gurobi.log"
Set parameter TimeLimit to value 2.9991899250000006e+02
Gurobi Optimizer version 13.0.2 build v13.0.2rc1 (win64 - Windows 11+.0 (26200.2))

CPU model: 12th Gen Intel(R) Core(TM) i7-1255U, instruction set [SSE2|AVX|AVX2]
Thread count: 10 physical cores, 12 logical processors, using up to 12 threads

Non-default parameters:
TimeLimit  2.9991899250000006e+02

Academic license 2537843 - for non-commercial use only - registered to la___@ufmg.br
Optimize a model with 2531 rows, 13321 columns and 42361 nonzeros (Min)
Model fingerprint: 0xa336d1d1
Model has 13310 linear objective coefficients
Variable types: 0 continuous, 13321 integer (13321 binary)
Coefficient statistics:
  Matrix range     [1e+00, 1e+00]
  Objective range  [5e+01, 8e+06]
  Bounds range     [1e+00, 1e+00]
  RHS range        [1e+00, 2e+00]

Found heuristic solution: objective 3641302.2256
Presolve removed 0 rows and 98 columns
Presolve time: 0.05s
Presolved: 2531 rows, 13223 columns, 42067 nonzeros
Variable types: 0 continuous, 13223 integer (13223 binary)

Root relaxation: objective 1.208678e+06, 495 iterations, 0.01 seconds (0.02 work units)

    Nodes    |    Current Node    |     Objective Bounds      |     Work
 Expl Unexpl |  Obj  Depth IntInf | Incumbent    BestBd   Gap | It/Node Time

*    0     0               0    1208677.6516 1208677.65  0.00%     -    0s

Explored 1 nodes (495 simplex iterations) in 0.09 seconds (0.10 work units)
Thread count was 12 (of 12 available processors)

Solution count 2: 1.20868e+06 3.6413e+06 

Optimal solution found (tolerance 1.00e-04)
Best objective 1.208677651552e+06, best bound 1.208677651552e+06, gap 0.0000%

Gurobi 13.0.2 (win64) logging started Tue Aug 18 17:31:06 2026

Set parameter LogFile to value "Logs/gurobi.log"
Set parameter TimeLimit to value 2.9994896139999992e+02
Gurobi Optimizer version 13.0.2 build v13.0.2rc1 (win64 - Windows 11+.0 (26200.2))

CPU model: 12th Gen Intel(R) Core(TM) i7-1255U, instruction set [SSE2|AVX|AVX2]
Thread count: 10 physical cores, 12 logical processors, using up to 12 threads

Non-default parameters:
TimeLimit  2.9994896139999992e+02

Academic license 2537843 - for non-commercial use only - registered to la___@ufmg.br
Optimize a model with 2531 rows, 13321 columns and 42361 nonzeros (Min)
Model fingerprint: 0xec14784e
Model has 13310 linear objective coefficients
Variable types: 0 continuous, 13321 integer (13321 binary)
Coefficient statistics:
  Matrix range     [1e+00, 1e+00]
  Objective range  [6e-01, 2e+04]
  Bounds range     [1e+00, 1e+00]
  RHS range        [1e+00, 3e+00]

Found heuristic solution: objective 26116.328005
Presolve time: 0.03s
Presolved: 2531 rows, 13321 columns, 42361 nonzeros
Variable types: 0 continuous, 13321 integer (13321 binary)

Root relaxation: objective 1.129865e+04, 1058 iterations, 0.01 seconds (0.03 work units)

    Nodes    |    Current Node    |     Objective Bounds      |     Work
 Expl Unexpl |  Obj  Depth IntInf | Incumbent    BestBd   Gap | It/Node Time

*    0     0               0    11298.648191 11298.6482  0.00%     -    0s

Explored 1 nodes (1058 simplex iterations) in 0.07 seconds (0.08 work units)
Thread count was 12 (of 12 available processors)

Solution count 2: 11298.6 26116.3 

Optimal solution found (tolerance 1.00e-04)
Best objective 1.129864819088e+04, best bound 1.129864819088e+04, gap 0.0000%

Gurobi 13.0.2 (win64) logging started Tue Aug 18 17:31:06 2026

Set parameter LogFile to value "Logs/gurobi.log"
Set parameter TimeLimit to value 2.9991070060000015e+02
Gurobi Optimizer version 13.0.2 build v13.0.2rc1 (win64 - Windows 11+.0 (26200.2))

CPU model: 12th Gen Intel(R) Core(TM) i7-1255U, instruction set [SSE2|AVX|AVX2]
Thread count: 10 physical cores, 12 logical processors, using up to 12 threads

Non-default parameters:
TimeLimit  2.9991070060000015e+02

Academic license 2537843 - for non-commercial use only - registered to la___@ufmg.br
Optimize a model with 2531 rows, 13321 columns and 42361 nonzeros (Min)
Model fingerprint: 0x3ce6188f
Model has 13310 linear objective coefficients
Variable types: 0 continuous, 13321 integer (13321 binary)
Coefficient statistics:
  Matrix range     [1e+00, 1e+00]
  Objective range  [5e+01, 8e+06]
  Bounds range     [1e+00, 1e+00]
  RHS range        [1e+00, 3e+00]

Found heuristic solution: objective 4712156.8035
Presolve removed 0 rows and 48 columns
Presolve time: 0.03s
Presolved: 2531 rows, 13273 columns, 42217 nonzeros
Variable types: 0 continuous, 13273 integer (13273 binary)

Root relaxation: objective 1.176175e+06, 320 iterations, 0.01 seconds (0.01 work units)

    Nodes    |    Current Node    |     Objective Bounds      |     Work
 Expl Unexpl |  Obj  Depth IntInf | Incumbent    BestBd   Gap | It/Node Time

*    0     0               0    1176174.6908 1176174.69  0.00%     -    0s

Explored 1 nodes (320 simplex iterations) in 0.06 seconds (0.08 work units)
Thread count was 12 (of 12 available processors)

Solution count 2: 1.17617e+06 4.71216e+06 

Optimal solution found (tolerance 1.00e-04)
Best objective 1.176174690761e+06, best bound 1.176174690761e+06, gap 0.0000%

Gurobi 13.0.2 (win64) logging started Tue Aug 18 17:31:06 2026

Set parameter LogFile to value "Logs/gurobi.log"
Set parameter TimeLimit to value 2.9994797629999994e+02
Gurobi Optimizer version 13.0.2 build v13.0.2rc1 (win64 - Windows 11+.0 (26200.2))

CPU model: 12th Gen Intel(R) Core(TM) i7-1255U, instruction set [SSE2|AVX|AVX2]
Thread count: 10 physical cores, 12 logical processors, using up to 12 threads

Non-default parameters:
TimeLimit  2.9994797629999994e+02

Academic license 2537843 - for non-commercial use only - registered to la___@ufmg.br
Optimize a model with 2531 rows, 13321 columns and 42361 nonzeros (Min)
Model fingerprint: 0xcaac5fbf
Model has 13310 linear objective coefficients
Variable types: 0 continuous, 13321 integer (13321 binary)
Coefficient statistics:
  Matrix range     [1e+00, 1e+00]
  Objective range  [6e-01, 2e+04]
  Bounds range     [1e+00, 1e+00]
  RHS range        [1e+00, 5e+00]

Found heuristic solution: objective 56018.500543
Presolve time: 0.03s
Presolved: 2531 rows, 13321 columns, 42361 nonzeros
Variable types: 0 continuous, 13321 integer (13321 binary)

Root relaxation: objective 8.634690e+03, 580 iterations, 0.01 seconds (0.02 work units)

    Nodes    |    Current Node    |     Objective Bounds      |     Work
 Expl Unexpl |  Obj  Depth IntInf | Incumbent    BestBd   Gap | It/Node Time

*    0     0               0    8634.6897796 8634.68978  0.00%     -    0s

Explored 1 nodes (580 simplex iterations) in 0.07 seconds (0.08 work units)
Thread count was 12 (of 12 available processors)

Solution count 2: 8634.69 56018.5 

Optimal solution found (tolerance 1.00e-04)
Best objective 8.634689779617e+03, best bound 8.634689779617e+03, gap 0.0000%

Gurobi 13.0.2 (win64) logging started Tue Aug 18 17:31:06 2026

Set parameter LogFile to value "Logs/gurobi.log"
Set parameter TimeLimit to value 2.9992487009999991e+02
Gurobi Optimizer version 13.0.2 build v13.0.2rc1 (win64 - Windows 11+.0 (26200.2))

CPU model: 12th Gen Intel(R) Core(TM) i7-1255U, instruction set [SSE2|AVX|AVX2]
Thread count: 10 physical cores, 12 logical processors, using up to 12 threads

Non-default parameters:
TimeLimit  2.9992487009999991e+02

Academic license 2537843 - for non-commercial use only - registered to la___@ufmg.br
Optimize a model with 2531 rows, 13321 columns and 42361 nonzeros (Min)
Model fingerprint: 0xd557aa31
Model has 13310 linear objective coefficients
Variable types: 0 continuous, 13321 integer (13321 binary)
Coefficient statistics:
  Matrix range     [1e+00, 1e+00]
  Objective range  [5e+01, 8e+06]
  Bounds range     [1e+00, 1e+00]
  RHS range        [1e+00, 5e+00]

Found heuristic solution: objective 1.435118e+07
Presolve time: 0.03s
Presolved: 2531 rows, 13321 columns, 42361 nonzeros
Variable types: 0 continuous, 13321 integer (13321 binary)

Root relaxation: objective 1.162180e+06, 237 iterations, 0.01 seconds (0.01 work units)

    Nodes    |    Current Node    |     Objective Bounds      |     Work
 Expl Unexpl |  Obj  Depth IntInf | Incumbent    BestBd   Gap | It/Node Time

*    0     0               0    1162180.2960 1162180.30  0.00%     -    0s

Explored 1 nodes (237 simplex iterations) in 0.06 seconds (0.06 work units)
Thread count was 12 (of 12 available processors)

Solution count 2: 1.16218e+06 1.43512e+07 

Optimal solution found (tolerance 1.00e-04)
Best objective 1.162180296041e+06, best bound 1.162180296041e+06, gap 0.0000%

Gurobi 13.0.2 (win64) logging started Tue Aug 18 17:31:06 2026

Set parameter LogFile to value "Logs/gurobi.log"
Set parameter TimeLimit to value 2.9994782749999990e+02
Gurobi Optimizer version 13.0.2 build v13.0.2rc1 (win64 - Windows 11+.0 (26200.2))

CPU model: 12th Gen Intel(R) Core(TM) i7-1255U, instruction set [SSE2|AVX|AVX2]
Thread count: 10 physical cores, 12 logical processors, using up to 12 threads

Non-default parameters:
TimeLimit  2.9994782749999990e+02

Academic license 2537843 - for non-commercial use only - registered to la___@ufmg.br
Optimize a model with 2531 rows, 13321 columns and 42361 nonzeros (Min)
Model fingerprint: 0x071014e4
Model has 13310 linear objective coefficients
Variable types: 0 continuous, 13321 integer (13321 binary)
Coefficient statistics:
  Matrix range     [1e+00, 1e+00]
  Objective range  [9e-01, 3e+04]
  Bounds range     [1e+00, 1e+00]
  RHS range        [1e+00, 2e+00]

Found heuristic solution: objective 27770.619120
Presolve time: 0.05s
Presolved: 2531 rows, 13321 columns, 42361 nonzeros
Variable types: 0 continuous, 13321 integer (13321 binary)

Root relaxation: objective 1.457579e+04, 920 iterations, 0.01 seconds (0.02 work units)

    Nodes    |    Current Node    |     Objective Bounds      |     Work
 Expl Unexpl |  Obj  Depth IntInf | Incumbent    BestBd   Gap | It/Node Time

*    0     0               0    14575.791415 14575.7914  0.00%     -    0s

Explored 1 nodes (920 simplex iterations) in 0.09 seconds (0.10 work units)
Thread count was 12 (of 12 available processors)

Solution count 2: 14575.8 27770.6 

Optimal solution found (tolerance 1.00e-04)
Best objective 1.457579141548e+04, best bound 1.457579141548e+04, gap 0.0000%

Gurobi 13.0.2 (win64) logging started Tue Aug 18 17:31:07 2026

Set parameter LogFile to value "Logs/gurobi.log"
Set parameter TimeLimit to value 299.9177932
Gurobi Optimizer version 13.0.2 build v13.0.2rc1 (win64 - Windows 11+.0 (26200.2))

CPU model: 12th Gen Intel(R) Core(TM) i7-1255U, instruction set [SSE2|AVX|AVX2]
Thread count: 10 physical cores, 12 logical processors, using up to 12 threads

Non-default parameters:
TimeLimit  299.9177932

Academic license 2537843 - for non-commercial use only - registered to la___@ufmg.br
Optimize a model with 2531 rows, 13321 columns and 42361 nonzeros (Min)
Model fingerprint: 0xa90c51ea
Model has 13310 linear objective coefficients
Variable types: 0 continuous, 13321 integer (13321 binary)
Coefficient statistics:
  Matrix range     [1e+00, 1e+00]
  Objective range  [5e+01, 1e+07]
  Bounds range     [1e+00, 1e+00]
  RHS range        [1e+00, 2e+00]

Found heuristic solution: objective 4919978.8505
Presolve removed 0 rows and 116 columns
Presolve time: 0.06s
Presolved: 2531 rows, 13205 columns, 42013 nonzeros
Variable types: 0 continuous, 13205 integer (13205 binary)

Root relaxation: objective 1.208678e+06, 495 iterations, 0.01 seconds (0.02 work units)

    Nodes    |    Current Node    |     Objective Bounds      |     Work
 Expl Unexpl |  Obj  Depth IntInf | Incumbent    BestBd   Gap | It/Node Time

*    0     0               0    1208677.6516 1208677.65  0.00%     -    0s

Explored 1 nodes (495 simplex iterations) in 0.09 seconds (0.10 work units)
Thread count was 12 (of 12 available processors)

Solution count 2: 1.20868e+06 4.91998e+06 

Optimal solution found (tolerance 1.00e-04)
Best objective 1.208677651552e+06, best bound 1.208677651552e+06, gap 0.0000%

Gurobi 13.0.2 (win64) logging started Tue Aug 18 17:31:07 2026

Set parameter LogFile to value "Logs/gurobi.log"
Set parameter TimeLimit to value 2.9994559220000019e+02
Gurobi Optimizer version 13.0.2 build v13.0.2rc1 (win64 - Windows 11+.0 (26200.2))

CPU model: 12th Gen Intel(R) Core(TM) i7-1255U, instruction set [SSE2|AVX|AVX2]
Thread count: 10 physical cores, 12 logical processors, using up to 12 threads

Non-default parameters:
TimeLimit  2.9994559220000019e+02

Academic license 2537843 - for non-commercial use only - registered to la___@ufmg.br
Optimize a model with 2531 rows, 13321 columns and 42361 nonzeros (Min)
Model fingerprint: 0xcbee43d7
Model has 13310 linear objective coefficients
Variable types: 0 continuous, 13321 integer (13321 binary)
Coefficient statistics:
  Matrix range     [1e+00, 1e+00]
  Objective range  [9e-01, 3e+04]
  Bounds range     [1e+00, 1e+00]
  RHS range        [1e+00, 3e+00]

Found heuristic solution: objective 28067.177712
Presolve time: 0.04s
Presolved: 2531 rows, 13321 columns, 42361 nonzeros
Variable types: 0 continuous, 13321 integer (13321 binary)

Root relaxation: objective 1.315174e+04, 619 iterations, 0.01 seconds (0.02 work units)

    Nodes    |    Current Node    |     Objective Bounds      |     Work
 Expl Unexpl |  Obj  Depth IntInf | Incumbent    BestBd   Gap | It/Node Time

*    0     0               0    13151.744223 13151.7442  0.00%     -    0s

Explored 1 nodes (619 simplex iterations) in 0.08 seconds (0.07 work units)
Thread count was 12 (of 12 available processors)

Solution count 2: 13151.7 28067.2 

Optimal solution found (tolerance 1.00e-04)
Best objective 1.315174422254e+04, best bound 1.315174422254e+04, gap 0.0000%

Gurobi 13.0.2 (win64) logging started Tue Aug 18 17:31:07 2026

Set parameter LogFile to value "Logs/gurobi.log"
Set parameter TimeLimit to value 2.9990008089999992e+02
Gurobi Optimizer version 13.0.2 build v13.0.2rc1 (win64 - Windows 11+.0 (26200.2))

CPU model: 12th Gen Intel(R) Core(TM) i7-1255U, instruction set [SSE2|AVX|AVX2]
Thread count: 10 physical cores, 12 logical processors, using up to 12 threads

Non-default parameters:
TimeLimit  2.9990008089999992e+02

Academic license 2537843 - for non-commercial use only - registered to la___@ufmg.br
Optimize a model with 2531 rows, 13321 columns and 42361 nonzeros (Min)
Model fingerprint: 0x8254ccdd
Model has 13310 linear objective coefficients
Variable types: 0 continuous, 13321 integer (13321 binary)
Coefficient statistics:
  Matrix range     [1e+00, 1e+00]
  Objective range  [5e+01, 1e+07]
  Bounds range     [1e+00, 1e+00]
  RHS range        [1e+00, 3e+00]

Found heuristic solution: objective 6663006.5108
Presolve removed 0 rows and 60 columns
Presolve time: 0.03s
Presolved: 2531 rows, 13261 columns, 42181 nonzeros
Variable types: 0 continuous, 13261 integer (13261 binary)

Root relaxation: objective 1.176175e+06, 320 iterations, 0.01 seconds (0.01 work units)

    Nodes    |    Current Node    |     Objective Bounds      |     Work
 Expl Unexpl |  Obj  Depth IntInf | Incumbent    BestBd   Gap | It/Node Time

*    0     0               0    1176174.6908 1176174.69  0.00%     -    0s

Explored 1 nodes (320 simplex iterations) in 0.06 seconds (0.08 work units)
Thread count was 12 (of 12 available processors)

Solution count 2: 1.17617e+06 6.66301e+06 

Optimal solution found (tolerance 1.00e-04)
Best objective 1.176174690761e+06, best bound 1.176174690761e+06, gap 0.0000%

Gurobi 13.0.2 (win64) logging started Tue Aug 18 17:31:07 2026

Set parameter LogFile to value "Logs/gurobi.log"
Set parameter TimeLimit to value 299.9080205
Gurobi Optimizer version 13.0.2 build v13.0.2rc1 (win64 - Windows 11+.0 (26200.2))

CPU model: 12th Gen Intel(R) Core(TM) i7-1255U, instruction set [SSE2|AVX|AVX2]
Thread count: 10 physical cores, 12 logical processors, using up to 12 threads

Non-default parameters:
TimeLimit  299.9080205

Academic license 2537843 - for non-commercial use only - registered to la___@ufmg.br
Optimize a model with 2531 rows, 13321 columns and 42361 nonzeros (Min)
Model fingerprint: 0xd0c88f7f
Model has 13310 linear objective coefficients
Variable types: 0 continuous, 13321 integer (13321 binary)
Coefficient statistics:
  Matrix range     [1e+00, 1e+00]
  Objective range  [9e-01, 3e+04]
  Bounds range     [1e+00, 1e+00]
  RHS range        [1e+00, 5e+00]

Found heuristic solution: objective 63283.432350
Presolve time: 0.04s
Presolved: 2531 rows, 13321 columns, 42361 nonzeros
Variable types: 0 continuous, 13321 integer (13321 binary)

Root relaxation: objective 1.205402e+04, 583 iterations, 0.02 seconds (0.03 work units)

    Nodes    |    Current Node    |     Objective Bounds      |     Work
 Expl Unexpl |  Obj  Depth IntInf | Incumbent    BestBd   Gap | It/Node Time

*    0     0               0    12054.023516 12054.0235  0.00%     -    0s

Explored 1 nodes (583 simplex iterations) in 0.10 seconds (0.08 work units)
Thread count was 12 (of 12 available processors)

Solution count 2: 12054 63283.4 

Optimal solution found (tolerance 1.00e-04)
Best objective 1.205402351646e+04, best bound 1.205402351646e+04, gap 0.0000%

Gurobi 13.0.2 (win64) logging started Tue Aug 18 17:31:07 2026

Set parameter LogFile to value "Logs/gurobi.log"
Set parameter TimeLimit to value 299.9452695
Gurobi Optimizer version 13.0.2 build v13.0.2rc1 (win64 - Windows 11+.0 (26200.2))

CPU model: 12th Gen Intel(R) Core(TM) i7-1255U, instruction set [SSE2|AVX|AVX2]
Thread count: 10 physical cores, 12 logical processors, using up to 12 threads

Non-default parameters:
TimeLimit  299.9452695

Academic license 2537843 - for non-commercial use only - registered to la___@ufmg.br
Optimize a model with 2531 rows, 13321 columns and 42361 nonzeros (Min)
Model fingerprint: 0x8d09f20f
Model has 13310 linear objective coefficients
Variable types: 0 continuous, 13321 integer (13321 binary)
Coefficient statistics:
  Matrix range     [1e+00, 1e+00]
  Objective range  [5e+01, 1e+07]
  Bounds range     [1e+00, 1e+00]
  RHS range        [1e+00, 5e+00]

Found heuristic solution: objective 2.161611e+07
Presolve time: 0.03s
Presolved: 2531 rows, 13321 columns, 42361 nonzeros
Variable types: 0 continuous, 13321 integer (13321 binary)

Root relaxation: objective 1.162180e+06, 237 iterations, 0.01 seconds (0.01 work units)

    Nodes    |    Current Node    |     Objective Bounds      |     Work
 Expl Unexpl |  Obj  Depth IntInf | Incumbent    BestBd   Gap | It/Node Time

*    0     0               0    1162180.2960 1162180.30  0.00%     -    0s

Explored 1 nodes (237 simplex iterations) in 0.06 seconds (0.06 work units)
Thread count was 12 (of 12 available processors)

Solution count 2: 1.16218e+06 2.16161e+07 

Optimal solution found (tolerance 1.00e-04)
Best objective 1.162180296041e+06, best bound 1.162180296041e+06, gap 0.0000%

Gurobi 13.0.2 (win64) logging started Tue Aug 18 17:41:54 2026

Set parameter LogFile to value "Logs/gurobi.log"
Set parameter TimeLimit to value 2.9989443670000037e+02
Gurobi Optimizer version 13.0.2 build v13.0.2rc1 (win64 - Windows 11+.0 (26200.2))

CPU model: 12th Gen Intel(R) Core(TM) i7-1255U, instruction set [SSE2|AVX|AVX2]
Thread count: 10 physical cores, 12 logical processors, using up to 12 threads

Non-default parameters:
TimeLimit  2.9989443670000037e+02

Academic license 2537843 - for non-commercial use only - registered to la___@ufmg.br
Optimize a model with 2531 rows, 13321 columns and 42361 nonzeros (Min)
Model fingerprint: 0x2239f7ba
Model has 13310 linear objective coefficients
Variable types: 0 continuous, 13321 integer (13321 binary)
Coefficient statistics:
  Matrix range     [1e+00, 1e+00]
  Objective range  [5e+01, 1e+07]
  Bounds range     [1e+00, 1e+00]
  RHS range        [1e+00, 5e+00]

Found heuristic solution: objective 2.040529e+07
Presolve time: 0.04s
Presolved: 2531 rows, 13321 columns, 42361 nonzeros
Variable types: 0 continuous, 13321 integer (13321 binary)

Root relaxation: objective 1.162180e+06, 237 iterations, 0.00 seconds (0.01 work units)

    Nodes    |    Current Node    |     Objective Bounds      |     Work
 Expl Unexpl |  Obj  Depth IntInf | Incumbent    BestBd   Gap | It/Node Time

*    0     0               0    1162180.2960 1162180.30  0.00%     -    0s

Explored 1 nodes (237 simplex iterations) in 0.08 seconds (0.06 work units)
Thread count was 12 (of 12 available processors)

Solution count 2: 1.16218e+06 2.04053e+07 

Optimal solution found (tolerance 1.00e-04)
Best objective 1.162180296041e+06, best bound 1.162180296041e+06, gap 0.0000%

Gurobi 13.0.2 (win64) logging started Tue Aug 18 21:05:49 2026

Set parameter LogFile to value "Logs/gurobi.log"
Set parameter TimeLimit to value 2.9988487820000046e+02
Gurobi Optimizer version 13.0.2 build v13.0.2rc1 (win64 - Windows 11+.0 (26200.2))

CPU model: 12th Gen Intel(R) Core(TM) i7-1255U, instruction set [SSE2|AVX|AVX2]
Thread count: 10 physical cores, 12 logical processors, using up to 12 threads

Non-default parameters:
TimeLimit  2.9988487820000046e+02

Academic license 2537843 - for non-commercial use only - registered to la___@ufmg.br
Optimize a model with 2531 rows, 13321 columns and 42361 nonzeros (Min)
Model fingerprint: 0x2239f7ba
Model has 13310 linear objective coefficients
Variable types: 0 continuous, 13321 integer (13321 binary)
Coefficient statistics:
  Matrix range     [1e+00, 1e+00]
  Objective range  [5e+01, 1e+07]
  Bounds range     [1e+00, 1e+00]
  RHS range        [1e+00, 5e+00]

Found heuristic solution: objective 2.040529e+07
Presolve time: 0.05s
Presolved: 2531 rows, 13321 columns, 42361 nonzeros
Variable types: 0 continuous, 13321 integer (13321 binary)

Root relaxation: objective 1.162180e+06, 237 iterations, 0.01 seconds (0.01 work units)

    Nodes    |    Current Node    |     Objective Bounds      |     Work
 Expl Unexpl |  Obj  Depth IntInf | Incumbent    BestBd   Gap | It/Node Time

*    0     0               0    1162180.2960 1162180.30  0.00%     -    0s

Explored 1 nodes (237 simplex iterations) in 0.09 seconds (0.06 work units)
Thread count was 12 (of 12 available processors)

Solution count 2: 1.16218e+06 2.04053e+07 

Optimal solution found (tolerance 1.00e-04)
Best objective 1.162180296041e+06, best bound 1.162180296041e+06, gap 0.0000%

Gurobi 13.0.2 (win64) logging started Tue Aug 18 21:05:54 2026

Set parameter LogFile to value "Logs/gurobi.log"
Set parameter TimeLimit to value 2.9989697290000004e+02
Gurobi Optimizer version 13.0.2 build v13.0.2rc1 (win64 - Windows 11+.0 (26200.2))

CPU model: 12th Gen Intel(R) Core(TM) i7-1255U, instruction set [SSE2|AVX|AVX2]
Thread count: 10 physical cores, 12 logical processors, using up to 12 threads

Non-default parameters:
TimeLimit  2.9989697290000004e+02

Academic license 2537843 - for non-commercial use only - registered to la___@ufmg.br
Optimize a model with 2531 rows, 13321 columns and 42361 nonzeros (Min)
Model fingerprint: 0x388e4df4
Model has 13310 linear objective coefficients
Variable types: 0 continuous, 13321 integer (13321 binary)
Coefficient statistics:
  Matrix range     [1e+00, 1e+00]
  Objective range  [8e-01, 3e+04]
  Bounds range     [1e+00, 1e+00]
  RHS range        [1e+00, 5e+00]

Found heuristic solution: objective 62072.610382
Presolve time: 0.04s
Presolved: 2531 rows, 13321 columns, 42361 nonzeros
Variable types: 0 continuous, 13321 integer (13321 binary)

Root relaxation: objective 1.152872e+04, 578 iterations, 0.02 seconds (0.03 work units)

    Nodes    |    Current Node    |     Objective Bounds      |     Work
 Expl Unexpl |  Obj  Depth IntInf | Incumbent    BestBd   Gap | It/Node Time

*    0     0               0    11528.720408 11528.7204  0.00%     -    0s

Explored 1 nodes (578 simplex iterations) in 0.09 seconds (0.08 work units)
Thread count was 12 (of 12 available processors)

Solution count 2: 11528.7 62072.6 

Optimal solution found (tolerance 1.00e-04)
Best objective 1.152872040819e+04, best bound 1.152872040819e+04, gap 0.0000%

Gurobi 13.0.2 (win64) logging started Tue Aug 18 21:06:02 2026

Set parameter LogFile to value "Logs/gurobi.log"
Set parameter TimeLimit to value 2.9990168260000064e+02
Gurobi Optimizer version 13.0.2 build v13.0.2rc1 (win64 - Windows 11+.0 (26200.2))

CPU model: 12th Gen Intel(R) Core(TM) i7-1255U, instruction set [SSE2|AVX|AVX2]
Thread count: 10 physical cores, 12 logical processors, using up to 12 threads

Non-default parameters:
TimeLimit  2.9990168260000064e+02

Academic license 2537843 - for non-commercial use only - registered to la___@ufmg.br
Optimize a model with 2531 rows, 13321 columns and 42361 nonzeros (Min)
Model fingerprint: 0x2239f7ba
Model has 13310 linear objective coefficients
Variable types: 0 continuous, 13321 integer (13321 binary)
Coefficient statistics:
  Matrix range     [1e+00, 1e+00]
  Objective range  [5e+01, 1e+07]
  Bounds range     [1e+00, 1e+00]
  RHS range        [1e+00, 5e+00]

Found heuristic solution: objective 2.040529e+07
Presolve time: 0.04s
Presolved: 2531 rows, 13321 columns, 42361 nonzeros
Variable types: 0 continuous, 13321 integer (13321 binary)

Root relaxation: objective 1.162180e+06, 237 iterations, 0.01 seconds (0.01 work units)

    Nodes    |    Current Node    |     Objective Bounds      |     Work
 Expl Unexpl |  Obj  Depth IntInf | Incumbent    BestBd   Gap | It/Node Time

*    0     0               0    1162180.2960 1162180.30  0.00%     -    0s

Explored 1 nodes (237 simplex iterations) in 0.08 seconds (0.06 work units)
Thread count was 12 (of 12 available processors)

Solution count 2: 1.16218e+06 2.04053e+07 

Optimal solution found (tolerance 1.00e-04)
Best objective 1.162180296041e+06, best bound 1.162180296041e+06, gap 0.0000%

Gurobi 13.0.2 (win64) logging started Tue Aug 18 21:54:48 2026

Set parameter LogFile to value "Logs/gurobi.log"
Set parameter TimeLimit to value 2.9986008410000068e+02
Gurobi Optimizer version 13.0.2 build v13.0.2rc1 (win64 - Windows 11+.0 (26200.2))

CPU model: 12th Gen Intel(R) Core(TM) i7-1255U, instruction set [SSE2|AVX|AVX2]
Thread count: 10 physical cores, 12 logical processors, using up to 12 threads

Non-default parameters:
TimeLimit  2.9986008410000068e+02

Academic license 2537843 - for non-commercial use only - registered to la___@ufmg.br
Optimize a model with 2531 rows, 13321 columns and 42361 nonzeros (Min)
Model fingerprint: 0xff11f0dc
Model has 13310 linear objective coefficients
Variable types: 0 continuous, 13321 integer (13321 binary)
Coefficient statistics:
  Matrix range     [1e+00, 1e+00]
  Objective range  [4e+01, 1e+07]
  Bounds range     [1e+00, 1e+00]
  RHS range        [1e+00, 5e+00]

Found heuristic solution: objective 1.971354e+07
Presolve time: 0.05s
Presolved: 2531 rows, 13321 columns, 42361 nonzeros
Variable types: 0 continuous, 13321 integer (13321 binary)

Root relaxation: objective 5.354964e+05, 373 iterations, 0.01 seconds (0.02 work units)

    Nodes    |    Current Node    |     Objective Bounds      |     Work
 Expl Unexpl |  Obj  Depth IntInf | Incumbent    BestBd   Gap | It/Node Time

     0     0 535496.368    0  230 1.9714e+07 535496.368  97.3%     -    0s
H    0     0                    1.826870e+07 535496.368  97.1%     -    0s
H    0     0                    565154.00852 535496.368  5.25%     -    0s
H    0     0                    564007.16055 535496.368  5.06%     -    0s
H    0     0                    552528.10602 535496.368  3.08%     -    0s
H    0     0                    546021.70688 535496.368  1.93%     -    0s
H    0     0                    539393.97405 535496.368  0.72%     -    0s
     0     0 537806.700    0  202 539393.974 537806.700  0.29%     -    0s
     0     0 537806.700    0   82 539393.974 537806.700  0.29%     -    0s
H    0     0                    539390.17091 537806.700  0.29%     -    0s
H    0     0                    539281.74111 537806.700  0.27%     -    0s
H    0     0                    538775.22423 537806.700  0.18%     -    0s
H    0     0                    538475.68978 537806.700  0.12%     -    0s

Cutting planes:
  Clique: 3
  Zero half: 25

Explored 1 nodes (512 simplex iterations) in 0.34 seconds (0.18 work units)
Thread count was 12 (of 12 available processors)

Solution count 10: 538476 538775 539282 ... 564007

Optimal solution found (tolerance 1.00e-04)
Best objective 5.384756897762e+05, best bound 5.384756897762e+05, gap 0.0000%

Gurobi 13.0.2 (win64) logging started Tue Aug 18 22:21:33 2026

Set parameter LogFile to value "Logs/gurobi.log"
Set parameter TimeLimit to value 2.9989658179999969e+02
Gurobi Optimizer version 13.0.2 build v13.0.2rc1 (win64 - Windows 11+.0 (26200.2))

CPU model: 12th Gen Intel(R) Core(TM) i7-1255U, instruction set [SSE2|AVX|AVX2]
Thread count: 10 physical cores, 12 logical processors, using up to 12 threads

Non-default parameters:
TimeLimit  2.9989658179999969e+02

Academic license 2537843 - for non-commercial use only - registered to la___@ufmg.br
Optimize a model with 2531 rows, 13321 columns and 42361 nonzeros (Min)
Model fingerprint: 0x714ae595
Model has 13310 linear objective coefficients
Variable types: 0 continuous, 13321 integer (13321 binary)
Coefficient statistics:
  Matrix range     [1e+00, 1e+00]
  Objective range  [3e+01, 8e+05]
  Bounds range     [1e+00, 1e+00]
  RHS range        [1e+00, 5e+00]

Found heuristic solution: objective 2150572.2909
Presolve time: 0.06s
Presolved: 2531 rows, 13321 columns, 42361 nonzeros
Variable types: 0 continuous, 13321 integer (13321 binary)

Root relaxation: objective 4.600363e+05, 577 iterations, 0.01 seconds (0.03 work units)

    Nodes    |    Current Node    |     Objective Bounds      |     Work
 Expl Unexpl |  Obj  Depth IntInf | Incumbent    BestBd   Gap | It/Node Time

*    0     0               0    460036.31800 460036.318  0.00%     -    0s

Explored 1 nodes (577 simplex iterations) in 0.11 seconds (0.08 work units)
Thread count was 12 (of 12 available processors)

Solution count 2: 460036 2.15057e+06 

Optimal solution found (tolerance 1.00e-04)
Best objective 4.600363179955e+05, best bound 4.600363179955e+05, gap 0.0000%

Gurobi 13.0.2 (win64) logging started Tue Aug 18 22:21:54 2026

Set parameter LogFile to value "Logs/gurobi.log"
Set parameter TimeLimit to value 2.9990261009999813e+02
Gurobi Optimizer version 13.0.2 build v13.0.2rc1 (win64 - Windows 11+.0 (26200.2))

CPU model: 12th Gen Intel(R) Core(TM) i7-1255U, instruction set [SSE2|AVX|AVX2]
Thread count: 10 physical cores, 12 logical processors, using up to 12 threads

Non-default parameters:
TimeLimit  2.9990261009999813e+02

Academic license 2537843 - for non-commercial use only - registered to la___@ufmg.br
Optimize a model with 2531 rows, 13321 columns and 42361 nonzeros (Min)
Model fingerprint: 0x388e4df4
Model has 13310 linear objective coefficients
Variable types: 0 continuous, 13321 integer (13321 binary)
Coefficient statistics:
  Matrix range     [1e+00, 1e+00]
  Objective range  [8e-01, 3e+04]
  Bounds range     [1e+00, 1e+00]
  RHS range        [1e+00, 5e+00]

Found heuristic solution: objective 62072.610382
Presolve time: 0.05s
Presolved: 2531 rows, 13321 columns, 42361 nonzeros
Variable types: 0 continuous, 13321 integer (13321 binary)

Root relaxation: objective 1.152872e+04, 578 iterations, 0.02 seconds (0.03 work units)

    Nodes    |    Current Node    |     Objective Bounds      |     Work
 Expl Unexpl |  Obj  Depth IntInf | Incumbent    BestBd   Gap | It/Node Time

*    0     0               0    11528.720408 11528.7204  0.00%     -    0s

Explored 1 nodes (578 simplex iterations) in 0.10 seconds (0.08 work units)
Thread count was 12 (of 12 available processors)

Solution count 2: 11528.7 62072.6 

Optimal solution found (tolerance 1.00e-04)
Best objective 1.152872040819e+04, best bound 1.152872040819e+04, gap 0.0000%

Gurobi 13.0.2 (win64) logging started Tue Aug 18 22:22:12 2026

Set parameter LogFile to value "Logs/gurobi.log"
Set parameter TimeLimit to value 2.9988471170000048e+02
Gurobi Optimizer version 13.0.2 build v13.0.2rc1 (win64 - Windows 11+.0 (26200.2))

CPU model: 12th Gen Intel(R) Core(TM) i7-1255U, instruction set [SSE2|AVX|AVX2]
Thread count: 10 physical cores, 12 logical processors, using up to 12 threads

Non-default parameters:
TimeLimit  2.9988471170000048e+02

Academic license 2537843 - for non-commercial use only - registered to la___@ufmg.br
Optimize a model with 2531 rows, 13321 columns and 42361 nonzeros (Min)
Model fingerprint: 0x714ae595
Model has 13310 linear objective coefficients
Variable types: 0 continuous, 13321 integer (13321 binary)
Coefficient statistics:
  Matrix range     [1e+00, 1e+00]
  Objective range  [3e+01, 8e+05]
  Bounds range     [1e+00, 1e+00]
  RHS range        [1e+00, 5e+00]

Found heuristic solution: objective 2150572.2909
Presolve time: 0.05s
Presolved: 2531 rows, 13321 columns, 42361 nonzeros
Variable types: 0 continuous, 13321 integer (13321 binary)

Root relaxation: objective 4.600363e+05, 577 iterations, 0.02 seconds (0.03 work units)

    Nodes    |    Current Node    |     Objective Bounds      |     Work
 Expl Unexpl |  Obj  Depth IntInf | Incumbent    BestBd   Gap | It/Node Time

*    0     0               0    460036.31800 460036.318  0.00%     -    0s

Explored 1 nodes (577 simplex iterations) in 0.12 seconds (0.08 work units)
Thread count was 12 (of 12 available processors)

Solution count 2: 460036 2.15057e+06 

Optimal solution found (tolerance 1.00e-04)
Best objective 4.600363179955e+05, best bound 4.600363179955e+05, gap 0.0000%

Gurobi 13.0.2 (win64) logging started Tue Aug 18 22:28:00 2026

Set parameter LogFile to value "Logs/gurobi.log"
Set parameter TimeLimit to value 2.9984951519999959e+02
Gurobi Optimizer version 13.0.2 build v13.0.2rc1 (win64 - Windows 11+.0 (26200.2))

CPU model: 12th Gen Intel(R) Core(TM) i7-1255U, instruction set [SSE2|AVX|AVX2]
Thread count: 10 physical cores, 12 logical processors, using up to 12 threads

Non-default parameters:
TimeLimit  2.9984951519999959e+02

Academic license 2537843 - for non-commercial use only - registered to la___@ufmg.br
Optimize a model with 2531 rows, 13321 columns and 42361 nonzeros (Min)
Model fingerprint: 0x388e4df4
Model has 13310 linear objective coefficients
Variable types: 0 continuous, 13321 integer (13321 binary)
Coefficient statistics:
  Matrix range     [1e+00, 1e+00]
  Objective range  [8e-01, 3e+04]
  Bounds range     [1e+00, 1e+00]
  RHS range        [1e+00, 5e+00]

Found heuristic solution: objective 62072.610382
Presolve time: 0.05s
Presolved: 2531 rows, 13321 columns, 42361 nonzeros
Variable types: 0 continuous, 13321 integer (13321 binary)

Root relaxation: objective 1.152872e+04, 578 iterations, 0.02 seconds (0.03 work units)

    Nodes    |    Current Node    |     Objective Bounds      |     Work
 Expl Unexpl |  Obj  Depth IntInf | Incumbent    BestBd   Gap | It/Node Time

*    0     0               0    11528.720408 11528.7204  0.00%     -    0s

Explored 1 nodes (578 simplex iterations) in 0.12 seconds (0.08 work units)
Thread count was 12 (of 12 available processors)

Solution count 2: 11528.7 62072.6 

Optimal solution found (tolerance 1.00e-04)
Best objective 1.152872040819e+04, best bound 1.152872040819e+04, gap 0.0000%

Gurobi 13.0.2 (win64) logging started Tue Aug 18 22:28:20 2026

Set parameter LogFile to value "Logs/gurobi.log"
Set parameter TimeLimit to value 2.9986068399999931e+02
Gurobi Optimizer version 13.0.2 build v13.0.2rc1 (win64 - Windows 11+.0 (26200.2))

CPU model: 12th Gen Intel(R) Core(TM) i7-1255U, instruction set [SSE2|AVX|AVX2]
Thread count: 10 physical cores, 12 logical processors, using up to 12 threads

Non-default parameters:
TimeLimit  2.9986068399999931e+02

Academic license 2537843 - for non-commercial use only - registered to la___@ufmg.br
Optimize a model with 2531 rows, 13321 columns and 42361 nonzeros (Min)
Model fingerprint: 0x714ae595
Model has 13310 linear objective coefficients
Variable types: 0 continuous, 13321 integer (13321 binary)
Coefficient statistics:
  Matrix range     [1e+00, 1e+00]
  Objective range  [3e+01, 8e+05]
  Bounds range     [1e+00, 1e+00]
  RHS range        [1e+00, 5e+00]

Found heuristic solution: objective 2150572.2909
Presolve time: 0.07s
Presolved: 2531 rows, 13321 columns, 42361 nonzeros
Variable types: 0 continuous, 13321 integer (13321 binary)

Root relaxation: objective 4.600363e+05, 577 iterations, 0.03 seconds (0.03 work units)

    Nodes    |    Current Node    |     Objective Bounds      |     Work
 Expl Unexpl |  Obj  Depth IntInf | Incumbent    BestBd   Gap | It/Node Time

*    0     0               0    460036.31800 460036.318  0.00%     -    0s

Explored 1 nodes (577 simplex iterations) in 0.14 seconds (0.08 work units)
Thread count was 12 (of 12 available processors)

Solution count 2: 460036 2.15057e+06 

Optimal solution found (tolerance 1.00e-04)
Best objective 4.600363179955e+05, best bound 4.600363179955e+05, gap 0.0000%

Gurobi 13.0.2 (win64) logging started Tue Aug 18 22:31:22 2026

Set parameter LogFile to value "Logs/gurobi.log"
Set parameter TimeLimit to value 2.9982243629999721e+02
Gurobi Optimizer version 13.0.2 build v13.0.2rc1 (win64 - Windows 11+.0 (26200.2))

CPU model: 12th Gen Intel(R) Core(TM) i7-1255U, instruction set [SSE2|AVX|AVX2]
Thread count: 10 physical cores, 12 logical processors, using up to 12 threads

Non-default parameters:
TimeLimit  2.9982243629999721e+02

Academic license 2537843 - for non-commercial use only - registered to la___@ufmg.br
Optimize a model with 2531 rows, 13321 columns and 42361 nonzeros (Min)
Model fingerprint: 0x714ae595
Model has 13310 linear objective coefficients
Variable types: 0 continuous, 13321 integer (13321 binary)
Coefficient statistics:
  Matrix range     [1e+00, 1e+00]
  Objective range  [3e+01, 8e+05]
  Bounds range     [1e+00, 1e+00]
  RHS range        [1e+00, 5e+00]

Found heuristic solution: objective 2150572.2909
Presolve time: 0.07s
Presolved: 2531 rows, 13321 columns, 42361 nonzeros
Variable types: 0 continuous, 13321 integer (13321 binary)

Root relaxation: objective 4.600363e+05, 577 iterations, 0.03 seconds (0.03 work units)

    Nodes    |    Current Node    |     Objective Bounds      |     Work
 Expl Unexpl |  Obj  Depth IntInf | Incumbent    BestBd   Gap | It/Node Time

*    0     0               0    460036.31800 460036.318  0.00%     -    0s

Explored 1 nodes (577 simplex iterations) in 0.15 seconds (0.08 work units)
Thread count was 12 (of 12 available processors)

Solution count 2: 460036 2.15057e+06 

Optimal solution found (tolerance 1.00e-04)
Best objective 4.600363179955e+05, best bound 4.600363179955e+05, gap 0.0000%

Gurobi 13.0.2 (win64) logging started Tue Aug 18 22:32:19 2026

Set parameter LogFile to value "Logs/gurobi.log"
Set parameter TimeLimit to value 2.9983419209999920e+02
Gurobi Optimizer version 13.0.2 build v13.0.2rc1 (win64 - Windows 11+.0 (26200.2))

CPU model: 12th Gen Intel(R) Core(TM) i7-1255U, instruction set [SSE2|AVX|AVX2]
Thread count: 10 physical cores, 12 logical processors, using up to 12 threads

Non-default parameters:
TimeLimit  2.9983419209999920e+02

Academic license 2537843 - for non-commercial use only - registered to la___@ufmg.br
Optimize a model with 2531 rows, 13321 columns and 42361 nonzeros (Min)
Model fingerprint: 0x388e4df4
Model has 13310 linear objective coefficients
Variable types: 0 continuous, 13321 integer (13321 binary)
Coefficient statistics:
  Matrix range     [1e+00, 1e+00]
  Objective range  [8e-01, 3e+04]
  Bounds range     [1e+00, 1e+00]
  RHS range        [1e+00, 5e+00]

Found heuristic solution: objective 62072.610382
Presolve time: 0.07s
Presolved: 2531 rows, 13321 columns, 42361 nonzeros
Variable types: 0 continuous, 13321 integer (13321 binary)

Root relaxation: objective 1.152872e+04, 578 iterations, 0.02 seconds (0.03 work units)

    Nodes    |    Current Node    |     Objective Bounds      |     Work
 Expl Unexpl |  Obj  Depth IntInf | Incumbent    BestBd   Gap | It/Node Time

*    0     0               0    11528.720408 11528.7204  0.00%     -    0s

Explored 1 nodes (578 simplex iterations) in 0.14 seconds (0.08 work units)
Thread count was 12 (of 12 available processors)

Solution count 2: 11528.7 62072.6 

Optimal solution found (tolerance 1.00e-04)
Best objective 1.152872040819e+04, best bound 1.152872040819e+04, gap 0.0000%

Gurobi 13.0.2 (win64) logging started Tue Aug 18 22:34:21 2026

Set parameter LogFile to value "Logs/gurobi.log"
Set parameter TimeLimit to value 2.9984104839999782e+02
Gurobi Optimizer version 13.0.2 build v13.0.2rc1 (win64 - Windows 11+.0 (26200.2))

CPU model: 12th Gen Intel(R) Core(TM) i7-1255U, instruction set [SSE2|AVX|AVX2]
Thread count: 10 physical cores, 12 logical processors, using up to 12 threads

Non-default parameters:
TimeLimit  2.9984104839999782e+02

Academic license 2537843 - for non-commercial use only - registered to la___@ufmg.br
Optimize a model with 2531 rows, 13321 columns and 42361 nonzeros (Min)
Model fingerprint: 0x714ae595
Model has 13310 linear objective coefficients
Variable types: 0 continuous, 13321 integer (13321 binary)
Coefficient statistics:
  Matrix range     [1e+00, 1e+00]
  Objective range  [3e+01, 8e+05]
  Bounds range     [1e+00, 1e+00]
  RHS range        [1e+00, 5e+00]

Found heuristic solution: objective 2150572.2909
Presolve time: 0.07s
Presolved: 2531 rows, 13321 columns, 42361 nonzeros
Variable types: 0 continuous, 13321 integer (13321 binary)

Root relaxation: objective 4.600363e+05, 577 iterations, 0.03 seconds (0.03 work units)

    Nodes    |    Current Node    |     Objective Bounds      |     Work
 Expl Unexpl |  Obj  Depth IntInf | Incumbent    BestBd   Gap | It/Node Time

*    0     0               0    460036.31800 460036.318  0.00%     -    0s

Explored 1 nodes (577 simplex iterations) in 0.14 seconds (0.08 work units)
Thread count was 12 (of 12 available processors)

Solution count 2: 460036 2.15057e+06 

Optimal solution found (tolerance 1.00e-04)
Best objective 4.600363179955e+05, best bound 4.600363179955e+05, gap 0.0000%

Gurobi 13.0.2 (win64) logging started Tue Aug 18 22:34:35 2026

Set parameter LogFile to value "Logs/gurobi.log"
Set parameter TimeLimit to value 2.9979526130000158e+02
Gurobi Optimizer version 13.0.2 build v13.0.2rc1 (win64 - Windows 11+.0 (26200.2))

CPU model: 12th Gen Intel(R) Core(TM) i7-1255U, instruction set [SSE2|AVX|AVX2]
Thread count: 10 physical cores, 12 logical processors, using up to 12 threads

Non-default parameters:
TimeLimit  2.9979526130000158e+02

Academic license 2537843 - for non-commercial use only - registered to la___@ufmg.br
Optimize a model with 2531 rows, 13321 columns and 42361 nonzeros (Min)
Model fingerprint: 0x714ae595
Model has 13310 linear objective coefficients
Variable types: 0 continuous, 13321 integer (13321 binary)
Coefficient statistics:
  Matrix range     [1e+00, 1e+00]
  Objective range  [3e+01, 8e+05]
  Bounds range     [1e+00, 1e+00]
  RHS range        [1e+00, 5e+00]

Found heuristic solution: objective 2150572.2909
Presolve time: 0.07s
Presolved: 2531 rows, 13321 columns, 42361 nonzeros
Variable types: 0 continuous, 13321 integer (13321 binary)

Root relaxation: objective 4.600363e+05, 577 iterations, 0.02 seconds (0.03 work units)

    Nodes    |    Current Node    |     Objective Bounds      |     Work
 Expl Unexpl |  Obj  Depth IntInf | Incumbent    BestBd   Gap | It/Node Time

*    0     0               0    460036.31800 460036.318  0.00%     -    0s

Explored 1 nodes (577 simplex iterations) in 0.14 seconds (0.08 work units)
Thread count was 12 (of 12 available processors)

Solution count 2: 460036 2.15057e+06 

Optimal solution found (tolerance 1.00e-04)
Best objective 4.600363179955e+05, best bound 4.600363179955e+05, gap 0.0000%

Gurobi 13.0.2 (linux64) logging started Wed Aug 19 11:55:38 2026

Set parameter LogFile to value "Logs/gurobi.log"
Set parameter TimeLimit to value 2.9992677015899972e+02
Gurobi Optimizer version 13.0.2 build v13.0.2rc1 (linux64 - "Ubuntu 26.04 LTS")

CPU model: AMD Ryzen 5 5600G with Radeon Graphics, instruction set [SSE2|AVX|AVX2]
Thread count: 6 physical cores, 12 logical processors, using up to 12 threads

Non-default parameters:
TimeLimit  2.9992677015899972e+02

Optimize a model with 2531 rows, 13321 columns and 42361 nonzeros (Min)
Model fingerprint: 0x714ae595
Model has 13310 linear objective coefficients
Variable types: 0 continuous, 13321 integer (13321 binary)
Coefficient statistics:
  Matrix range     [1e+00, 1e+00]
  Objective range  [3e+01, 8e+05]
  Bounds range     [1e+00, 1e+00]
  RHS range        [1e+00, 5e+00]

Found heuristic solution: objective 2150572.2909
Presolve time: 0.04s
Presolved: 2531 rows, 13321 columns, 42361 nonzeros
Variable types: 0 continuous, 13321 integer (13321 binary)

Root relaxation: objective 4.600363e+05, 577 iterations, 0.01 seconds (0.03 work units)

    Nodes    |    Current Node    |     Objective Bounds      |     Work
 Expl Unexpl |  Obj  Depth IntInf | Incumbent    BestBd   Gap | It/Node Time

*    0     0               0    460036.31800 460036.318  0.00%     -    0s

Explored 1 nodes (577 simplex iterations) in 0.07 seconds (0.08 work units)
Thread count was 12 (of 12 available processors)

Solution count 2: 460036 2.15057e+06 

Optimal solution found (tolerance 1.00e-04)
Best objective 4.600363179955e+05, best bound 4.600363179955e+05, gap 0.0000%

Gurobi 13.0.2 (linux64) logging started Wed Aug 19 11:57:37 2026

Set parameter LogFile to value "Logs/gurobi.log"
Set parameter TimeLimit to value 2.9994190732399966e+02
Gurobi Optimizer version 13.0.2 build v13.0.2rc1 (linux64 - "Ubuntu 26.04 LTS")

CPU model: AMD Ryzen 5 5600G with Radeon Graphics, instruction set [SSE2|AVX|AVX2]
Thread count: 6 physical cores, 12 logical processors, using up to 12 threads

Non-default parameters:
TimeLimit  2.9994190732399966e+02

Optimize a model with 2531 rows, 13321 columns and 42361 nonzeros (Min)
Model fingerprint: 0xff11f0dc
Model has 13310 linear objective coefficients
Variable types: 0 continuous, 13321 integer (13321 binary)
Coefficient statistics:
  Matrix range     [1e+00, 1e+00]
  Objective range  [4e+01, 1e+07]
  Bounds range     [1e+00, 1e+00]
  RHS range        [1e+00, 5e+00]

Found heuristic solution: objective 1.971354e+07
Presolve time: 0.03s
Presolved: 2531 rows, 13321 columns, 42361 nonzeros
Variable types: 0 continuous, 13321 integer (13321 binary)

Root relaxation: objective 5.354964e+05, 379 iterations, 0.01 seconds (0.02 work units)

    Nodes    |    Current Node    |     Objective Bounds      |     Work
 Expl Unexpl |  Obj  Depth IntInf | Incumbent    BestBd   Gap | It/Node Time

     0     0 535496.368    0  230 1.9714e+07 535496.368  97.3%     -    0s
H    0     0                    6127055.6267 535496.368  91.3%     -    0s
H    0     0                    565154.00852 535496.368  5.25%     -    0s
H    0     0                    564007.16055 535496.368  5.06%     -    0s
H    0     0                    552528.10602 535496.368  3.08%     -    0s
H    0     0                    546021.70688 535496.368  1.93%     -    0s
H    0     0                    539393.97405 535496.368  0.72%     -    0s
     0     0 537812.672    0  202 539393.974 537812.672  0.29%     -    0s
     0     0 537812.672    0   82 539393.974 537812.672  0.29%     -    0s
H    0     0                    538475.68978 537812.672  0.12%     -    0s

Cutting planes:
  Clique: 3
  Zero half: 19

Explored 1 nodes (556 simplex iterations) in 0.26 seconds (0.18 work units)
Thread count was 12 (of 12 available processors)

Solution count 10: 538476 539394 546022 ... 1.97135e+07

Optimal solution found (tolerance 1.00e-04)
Best objective 5.384756897762e+05, best bound 5.384756897762e+05, gap 0.0000%

Gurobi 13.0.2 (linux64) logging started Wed Aug 19 14:41:42 2026

Set parameter LogFile to value "Logs/gurobi.log"
Set parameter TimeLimit to value 2.9992850122599884e+02
Gurobi Optimizer version 13.0.2 build v13.0.2rc1 (linux64 - "Ubuntu 26.04 LTS")

CPU model: AMD Ryzen 5 5600G with Radeon Graphics, instruction set [SSE2|AVX|AVX2]
Thread count: 6 physical cores, 12 logical processors, using up to 12 threads

Non-default parameters:
TimeLimit  2.9992850122599884e+02

Optimize a model with 2531 rows, 13321 columns and 42361 nonzeros (Min)
Model fingerprint: 0x4dbb00b6
Model has 13310 linear objective coefficients
Variable types: 0 continuous, 13321 integer (13321 binary)
Coefficient statistics:
  Matrix range     [1e+00, 1e+00]
  Objective range  [8e+02, 3e+07]
  Bounds range     [1e+00, 1e+00]
  RHS range        [1e+00, 5e+00]

Found heuristic solution: objective 6.207261e+07
Presolve time: 0.03s
Presolved: 2531 rows, 13321 columns, 42361 nonzeros
Variable types: 0 continuous, 13321 integer (13321 binary)

Root relaxation: objective 1.152872e+07, 578 iterations, 0.01 seconds (0.03 work units)

    Nodes    |    Current Node    |     Objective Bounds      |     Work
 Expl Unexpl |  Obj  Depth IntInf | Incumbent    BestBd   Gap | It/Node Time

*    0     0               0    1.152872e+07 1.1529e+07  0.00%     -    0s

Explored 1 nodes (578 simplex iterations) in 0.07 seconds (0.08 work units)
Thread count was 12 (of 12 available processors)

Solution count 2: 1.15287e+07 6.20726e+07 

Optimal solution found (tolerance 1.00e-04)
Best objective 1.152872040819e+07, best bound 1.152872040819e+07, gap 0.0000%

Gurobi 13.0.2 (linux64) logging started Wed Aug 19 14:45:31 2026

Set parameter LogFile to value "Logs/gurobi.log"
Set parameter TimeLimit to value 2.9992613722100032e+02
Gurobi Optimizer version 13.0.2 build v13.0.2rc1 (linux64 - "Ubuntu 26.04 LTS")

CPU model: AMD Ryzen 5 5600G with Radeon Graphics, instruction set [SSE2|AVX|AVX2]
Thread count: 6 physical cores, 12 logical processors, using up to 12 threads

Non-default parameters:
TimeLimit  2.9992613722100032e+02

Optimize a model with 2531 rows, 13321 columns and 42361 nonzeros (Min)
Model fingerprint: 0x714ae595
Model has 13310 linear objective coefficients
Variable types: 0 continuous, 13321 integer (13321 binary)
Coefficient statistics:
  Matrix range     [1e+00, 1e+00]
  Objective range  [3e+01, 8e+05]
  Bounds range     [1e+00, 1e+00]
  RHS range        [1e+00, 5e+00]

Found heuristic solution: objective 2150572.2909
Presolve time: 0.03s
Presolved: 2531 rows, 13321 columns, 42361 nonzeros
Variable types: 0 continuous, 13321 integer (13321 binary)

Root relaxation: objective 4.600363e+05, 577 iterations, 0.01 seconds (0.03 work units)

    Nodes    |    Current Node    |     Objective Bounds      |     Work
 Expl Unexpl |  Obj  Depth IntInf | Incumbent    BestBd   Gap | It/Node Time

*    0     0               0    460036.31800 460036.318  0.00%     -    0s

Explored 1 nodes (577 simplex iterations) in 0.06 seconds (0.08 work units)
Thread count was 12 (of 12 available processors)

Solution count 2: 460036 2.15057e+06 

Optimal solution found (tolerance 1.00e-04)
Best objective 4.600363179955e+05, best bound 4.600363179955e+05, gap 0.0000%

Gurobi 13.0.2 (linux64) logging started Wed Aug 19 14:56:49 2026

Set parameter LogFile to value "Logs/gurobi.log"
Set parameter TimeLimit to value 2.9992458570399867e+02
Gurobi Optimizer version 13.0.2 build v13.0.2rc1 (linux64 - "Ubuntu 26.04 LTS")

CPU model: AMD Ryzen 5 5600G with Radeon Graphics, instruction set [SSE2|AVX|AVX2]
Thread count: 6 physical cores, 12 logical processors, using up to 12 threads

Non-default parameters:
TimeLimit  2.9992458570399867e+02

Optimize a model with 2531 rows, 13321 columns and 42361 nonzeros (Min)
Model fingerprint: 0x4dbb00b6
Model has 13310 linear objective coefficients
Variable types: 0 continuous, 13321 integer (13321 binary)
Coefficient statistics:
  Matrix range     [1e+00, 1e+00]
  Objective range  [8e+02, 3e+07]
  Bounds range     [1e+00, 1e+00]
  RHS range        [1e+00, 5e+00]

Found heuristic solution: objective 6.207261e+07
Presolve time: 0.03s
Presolved: 2531 rows, 13321 columns, 42361 nonzeros
Variable types: 0 continuous, 13321 integer (13321 binary)

Root relaxation: objective 1.152872e+07, 578 iterations, 0.01 seconds (0.03 work units)

    Nodes    |    Current Node    |     Objective Bounds      |     Work
 Expl Unexpl |  Obj  Depth IntInf | Incumbent    BestBd   Gap | It/Node Time

*    0     0               0    1.152872e+07 1.1529e+07  0.00%     -    0s

Explored 1 nodes (578 simplex iterations) in 0.06 seconds (0.08 work units)
Thread count was 12 (of 12 available processors)

Solution count 2: 1.15287e+07 6.20726e+07 

Optimal solution found (tolerance 1.00e-04)
Best objective 1.152872040819e+07, best bound 1.152872040819e+07, gap 0.0000%

Gurobi 13.0.2 (linux64) logging started Wed Aug 19 14:56:55 2026

Set parameter LogFile to value "Logs/gurobi.log"
Set parameter TimeLimit to value 2.9992404519800039e+02
Gurobi Optimizer version 13.0.2 build v13.0.2rc1 (linux64 - "Ubuntu 26.04 LTS")

CPU model: AMD Ryzen 5 5600G with Radeon Graphics, instruction set [SSE2|AVX|AVX2]
Thread count: 6 physical cores, 12 logical processors, using up to 12 threads

Non-default parameters:
TimeLimit  2.9992404519800039e+02

Optimize a model with 2531 rows, 13321 columns and 42361 nonzeros (Min)
Model fingerprint: 0x714ae595
Model has 13310 linear objective coefficients
Variable types: 0 continuous, 13321 integer (13321 binary)
Coefficient statistics:
  Matrix range     [1e+00, 1e+00]
  Objective range  [3e+01, 8e+05]
  Bounds range     [1e+00, 1e+00]
  RHS range        [1e+00, 5e+00]

Found heuristic solution: objective 2150572.2909
Presolve time: 0.03s
Presolved: 2531 rows, 13321 columns, 42361 nonzeros
Variable types: 0 continuous, 13321 integer (13321 binary)

Root relaxation: objective 4.600363e+05, 577 iterations, 0.01 seconds (0.03 work units)

    Nodes    |    Current Node    |     Objective Bounds      |     Work
 Expl Unexpl |  Obj  Depth IntInf | Incumbent    BestBd   Gap | It/Node Time

*    0     0               0    460036.31800 460036.318  0.00%     -    0s

Explored 1 nodes (577 simplex iterations) in 0.06 seconds (0.08 work units)
Thread count was 12 (of 12 available processors)

Solution count 2: 460036 2.15057e+06 

Optimal solution found (tolerance 1.00e-04)
Best objective 4.600363179955e+05, best bound 4.600363179955e+05, gap 0.0000%

Gurobi 13.0.2 (linux64) logging started Wed Aug 19 14:58:26 2026

Set parameter LogFile to value "Logs/gurobi.log"
Set parameter TimeLimit to value 2.9991686545899938e+02
Gurobi Optimizer version 13.0.2 build v13.0.2rc1 (linux64 - "Ubuntu 26.04 LTS")

CPU model: AMD Ryzen 5 5600G with Radeon Graphics, instruction set [SSE2|AVX|AVX2]
Thread count: 6 physical cores, 12 logical processors, using up to 12 threads

Non-default parameters:
TimeLimit  2.9991686545899938e+02

Optimize a model with 2531 rows, 13321 columns and 42361 nonzeros (Min)
Model fingerprint: 0xe1d94705
Model has 13310 linear objective coefficients
Variable types: 0 continuous, 13321 integer (13321 binary)
Coefficient statistics:
  Matrix range     [1e+00, 1e+00]
  Objective range  [3e+01, 8e+05]
  Bounds range     [1e+00, 1e+00]
  RHS range        [1e+00, 3e+00]

Found heuristic solution: objective 1011049.0698
Presolve time: 0.03s
Presolved: 2531 rows, 13321 columns, 42361 nonzeros
Variable types: 0 continuous, 13321 integer (13321 binary)

Root relaxation: objective 5.062592e+05, 664 iterations, 0.01 seconds (0.02 work units)

    Nodes    |    Current Node    |     Objective Bounds      |     Work
 Expl Unexpl |  Obj  Depth IntInf | Incumbent    BestBd   Gap | It/Node Time

*    0     0               0    506259.20520 506259.205  0.00%     -    0s

Explored 1 nodes (664 simplex iterations) in 0.06 seconds (0.07 work units)
Thread count was 12 (of 12 available processors)

Solution count 2: 506259 1.01105e+06 

Optimal solution found (tolerance 1.00e-04)
Best objective 5.062592052039e+05, best bound 5.062592052039e+05, gap 0.0000%

Gurobi 13.0.2 (linux64) logging started Wed Aug 19 14:58:42 2026

Set parameter LogFile to value "Logs/gurobi.log"
Set parameter TimeLimit to value 2.9992394832700120e+02
Gurobi Optimizer version 13.0.2 build v13.0.2rc1 (linux64 - "Ubuntu 26.04 LTS")

CPU model: AMD Ryzen 5 5600G with Radeon Graphics, instruction set [SSE2|AVX|AVX2]
Thread count: 6 physical cores, 12 logical processors, using up to 12 threads

Non-default parameters:
TimeLimit  2.9992394832700120e+02

Optimize a model with 2531 rows, 13321 columns and 42361 nonzeros (Min)
Model fingerprint: 0x123430fa
Model has 13310 linear objective coefficients
Variable types: 0 continuous, 13321 integer (13321 binary)
Coefficient statistics:
  Matrix range     [1e+00, 1e+00]
  Objective range  [8e+02, 3e+07]
  Bounds range     [1e+00, 1e+00]
  RHS range        [1e+00, 3e+00]

Found heuristic solution: objective 2.774204e+07
Presolve time: 0.03s
Presolved: 2531 rows, 13321 columns, 42361 nonzeros
Variable types: 0 continuous, 13321 integer (13321 binary)

Root relaxation: objective 1.284777e+07, 665 iterations, 0.01 seconds (0.02 work units)

    Nodes    |    Current Node    |     Objective Bounds      |     Work
 Expl Unexpl |  Obj  Depth IntInf | Incumbent    BestBd   Gap | It/Node Time

*    0     0               0    1.284777e+07 1.2848e+07  0.00%     -    0s

Explored 1 nodes (665 simplex iterations) in 0.06 seconds (0.07 work units)
Thread count was 12 (of 12 available processors)

Solution count 2: 1.28478e+07 2.7742e+07 

Optimal solution found (tolerance 1.00e-04)
Best objective 1.284776756305e+07, best bound 1.284776756305e+07, gap 0.0000%

Gurobi 13.0.2 (linux64) logging started Wed Aug 19 14:58:56 2026

Set parameter LogFile to value "Logs/gurobi.log"
Set parameter TimeLimit to value 2.9992165290599951e+02
Gurobi Optimizer version 13.0.2 build v13.0.2rc1 (linux64 - "Ubuntu 26.04 LTS")

CPU model: AMD Ryzen 5 5600G with Radeon Graphics, instruction set [SSE2|AVX|AVX2]
Thread count: 6 physical cores, 12 logical processors, using up to 12 threads

Non-default parameters:
TimeLimit  2.9992165290599951e+02

Optimize a model with 2531 rows, 13321 columns and 42361 nonzeros (Min)
Model fingerprint: 0xe1d94705
Model has 13310 linear objective coefficients
Variable types: 0 continuous, 13321 integer (13321 binary)
Coefficient statistics:
  Matrix range     [1e+00, 1e+00]
  Objective range  [3e+01, 8e+05]
  Bounds range     [1e+00, 1e+00]
  RHS range        [1e+00, 3e+00]

Found heuristic solution: objective 1011049.0698
Presolve time: 0.03s
Presolved: 2531 rows, 13321 columns, 42361 nonzeros
Variable types: 0 continuous, 13321 integer (13321 binary)

Root relaxation: objective 5.062592e+05, 664 iterations, 0.01 seconds (0.02 work units)

    Nodes    |    Current Node    |     Objective Bounds      |     Work
 Expl Unexpl |  Obj  Depth IntInf | Incumbent    BestBd   Gap | It/Node Time

*    0     0               0    506259.20520 506259.205  0.00%     -    0s

Explored 1 nodes (664 simplex iterations) in 0.06 seconds (0.07 work units)
Thread count was 12 (of 12 available processors)

Solution count 2: 506259 1.01105e+06 

Optimal solution found (tolerance 1.00e-04)
Best objective 5.062592052039e+05, best bound 5.062592052039e+05, gap 0.0000%

Gurobi 13.0.2 (linux64) logging started Wed Aug 19 15:00:10 2026

Set parameter LogFile to value "Logs/gurobi.log"
Set parameter TimeLimit to value 2.9991852043000108e+02
Gurobi Optimizer version 13.0.2 build v13.0.2rc1 (linux64 - "Ubuntu 26.04 LTS")

CPU model: AMD Ryzen 5 5600G with Radeon Graphics, instruction set [SSE2|AVX|AVX2]
Thread count: 6 physical cores, 12 logical processors, using up to 12 threads

Non-default parameters:
TimeLimit  2.9991852043000108e+02

Optimize a model with 2531 rows, 13321 columns and 42361 nonzeros (Min)
Model fingerprint: 0x123430fa
Model has 13310 linear objective coefficients
Variable types: 0 continuous, 13321 integer (13321 binary)
Coefficient statistics:
  Matrix range     [1e+00, 1e+00]
  Objective range  [8e+02, 3e+07]
  Bounds range     [1e+00, 1e+00]
  RHS range        [1e+00, 3e+00]

Found heuristic solution: objective 2.774204e+07
Presolve time: 0.03s
Presolved: 2531 rows, 13321 columns, 42361 nonzeros
Variable types: 0 continuous, 13321 integer (13321 binary)

Root relaxation: objective 1.284777e+07, 665 iterations, 0.01 seconds (0.02 work units)

    Nodes    |    Current Node    |     Objective Bounds      |     Work
 Expl Unexpl |  Obj  Depth IntInf | Incumbent    BestBd   Gap | It/Node Time

*    0     0               0    1.284777e+07 1.2848e+07  0.00%     -    0s

Explored 1 nodes (665 simplex iterations) in 0.05 seconds (0.07 work units)
Thread count was 12 (of 12 available processors)

Solution count 2: 1.28478e+07 2.7742e+07 

Optimal solution found (tolerance 1.00e-04)
Best objective 1.284776756305e+07, best bound 1.284776756305e+07, gap 0.0000%

Gurobi 13.0.2 (linux64) logging started Thu Aug 20 14:07:32 2026

Set parameter LogFile to value "Logs/gurobi.log"
Set parameter TimeLimit to value 2.9990315930500037e+02
Gurobi Optimizer version 13.0.2 build v13.0.2rc1 (linux64 - "Ubuntu 26.04 LTS")

CPU model: AMD Ryzen 5 5600G with Radeon Graphics, instruction set [SSE2|AVX|AVX2]
Thread count: 6 physical cores, 12 logical processors, using up to 12 threads

Non-default parameters:
TimeLimit  2.9990315930500037e+02

Optimize a model with 2531 rows, 13321 columns and 42361 nonzeros (Min)
Model fingerprint: 0xc9347cea
Model has 13310 linear objective coefficients
Variable types: 0 continuous, 13321 integer (13321 binary)
Coefficient statistics:
  Matrix range     [1e+00, 1e+00]
  Objective range  [8e+00, 5e+05]
  Bounds range     [1e+00, 1e+00]
  RHS range        [1e+00, 5e+00]

Found heuristic solution: objective 939907.66838
Presolve time: 0.04s
Presolved: 2531 rows, 13321 columns, 42361 nonzeros
Variable types: 0 continuous, 13321 integer (13321 binary)

Root relaxation: objective 1.588576e+05, 256 iterations, 0.01 seconds (0.01 work units)

    Nodes    |    Current Node    |     Objective Bounds      |     Work
 Expl Unexpl |  Obj  Depth IntInf | Incumbent    BestBd   Gap | It/Node Time

*    0     0               0    158857.59412 158857.594  0.00%     -    0s

Explored 1 nodes (256 simplex iterations) in 0.08 seconds (0.06 work units)
Thread count was 12 (of 12 available processors)

Solution count 2: 158858 939908 

Optimal solution found (tolerance 1.00e-04)
Best objective 1.588575941195e+05, best bound 1.588575941195e+05, gap 0.0000%

Gurobi 13.0.2 (linux64) logging started Thu Aug 20 14:30:50 2026

Set parameter LogFile to value "Logs/gurobi.log"
Set parameter TimeLimit to value 2.9992835496799853e+02
Gurobi Optimizer version 13.0.2 build v13.0.2rc1 (linux64 - "Ubuntu 26.04 LTS")

CPU model: AMD Ryzen 5 5600G with Radeon Graphics, instruction set [SSE2|AVX|AVX2]
Thread count: 6 physical cores, 12 logical processors, using up to 12 threads

Non-default parameters:
TimeLimit  2.9992835496799853e+02

Optimize a model with 2531 rows, 13321 columns and 42361 nonzeros (Min)
Model fingerprint: 0x465385b3
Model has 13310 linear objective coefficients
Variable types: 0 continuous, 13321 integer (13321 binary)
Coefficient statistics:
  Matrix range     [1e+00, 1e+00]
  Objective range  [3e+00, 2e+05]
  Bounds range     [1e+00, 1e+00]
  RHS range        [1e+00, 5e+00]

Found heuristic solution: objective 343961.90676
Presolve time: 0.03s
Presolved: 2531 rows, 13321 columns, 42361 nonzeros
Variable types: 0 continuous, 13321 integer (13321 binary)

Root relaxation: objective 9.949223e+04, 800 iterations, 0.02 seconds (0.04 work units)

    Nodes    |    Current Node    |     Objective Bounds      |     Work
 Expl Unexpl |  Obj  Depth IntInf | Incumbent    BestBd   Gap | It/Node Time

*    0     0               0    99492.229874 99492.2299  0.00%     -    0s

Explored 1 nodes (800 simplex iterations) in 0.07 seconds (0.08 work units)
Thread count was 12 (of 12 available processors)

Solution count 2: 99492.2 343962 

Optimal solution found (tolerance 1.00e-04)
Best objective 9.949222987440e+04, best bound 9.949222987440e+04, gap 0.0000%

Gurobi 13.0.2 (linux64) logging started Thu Aug 20 14:36:57 2026

Set parameter LogFile to value "Logs/gurobi.log"
Set parameter TimeLimit to value 2.9992541336599970e+02
Gurobi Optimizer version 13.0.2 build v13.0.2rc1 (linux64 - "Ubuntu 26.04 LTS")

CPU model: AMD Ryzen 5 5600G with Radeon Graphics, instruction set [SSE2|AVX|AVX2]
Thread count: 6 physical cores, 12 logical processors, using up to 12 threads

Non-default parameters:
TimeLimit  2.9992541336599970e+02

Optimize a model with 2531 rows, 13321 columns and 42361 nonzeros (Min)
Model fingerprint: 0x465385b3
Model has 13310 linear objective coefficients
Variable types: 0 continuous, 13321 integer (13321 binary)
Coefficient statistics:
  Matrix range     [1e+00, 1e+00]
  Objective range  [3e+00, 2e+05]
  Bounds range     [1e+00, 1e+00]
  RHS range        [1e+00, 5e+00]

Found heuristic solution: objective 343961.90676
Presolve time: 0.03s
Presolved: 2531 rows, 13321 columns, 42361 nonzeros
Variable types: 0 continuous, 13321 integer (13321 binary)

Root relaxation: objective 9.949223e+04, 800 iterations, 0.02 seconds (0.04 work units)

    Nodes    |    Current Node    |     Objective Bounds      |     Work
 Expl Unexpl |  Obj  Depth IntInf | Incumbent    BestBd   Gap | It/Node Time

*    0     0               0    99492.229874 99492.2299  0.00%     -    0s

Explored 1 nodes (800 simplex iterations) in 0.07 seconds (0.08 work units)
Thread count was 12 (of 12 available processors)

Solution count 2: 99492.2 343962 

Optimal solution found (tolerance 1.00e-04)
Best objective 9.949222987440e+04, best bound 9.949222987440e+04, gap 0.0000%

Gurobi 13.0.2 (linux64) logging started Thu Aug 20 14:37:37 2026

Set parameter LogFile to value "Logs/gurobi.log"
Set parameter TimeLimit to value 2.9992256032300065e+02
Gurobi Optimizer version 13.0.2 build v13.0.2rc1 (linux64 - "Ubuntu 26.04 LTS")

CPU model: AMD Ryzen 5 5600G with Radeon Graphics, instruction set [SSE2|AVX|AVX2]
Thread count: 6 physical cores, 12 logical processors, using up to 12 threads

Non-default parameters:
TimeLimit  2.9992256032300065e+02

Optimize a model with 2531 rows, 13321 columns and 42361 nonzeros (Min)
Model fingerprint: 0x4dbb00b6
Model has 13310 linear objective coefficients
Variable types: 0 continuous, 13321 integer (13321 binary)
Coefficient statistics:
  Matrix range     [1e+00, 1e+00]
  Objective range  [8e+02, 3e+07]
  Bounds range     [1e+00, 1e+00]
  RHS range        [1e+00, 5e+00]

Found heuristic solution: objective 6.207261e+07
Presolve time: 0.03s
Presolved: 2531 rows, 13321 columns, 42361 nonzeros
Variable types: 0 continuous, 13321 integer (13321 binary)

Root relaxation: objective 1.152872e+07, 578 iterations, 0.01 seconds (0.03 work units)

    Nodes    |    Current Node    |     Objective Bounds      |     Work
 Expl Unexpl |  Obj  Depth IntInf | Incumbent    BestBd   Gap | It/Node Time

*    0     0               0    1.152872e+07 1.1529e+07  0.00%     -    0s

Explored 1 nodes (578 simplex iterations) in 0.06 seconds (0.08 work units)
Thread count was 12 (of 12 available processors)

Solution count 2: 1.15287e+07 6.20726e+07 

Optimal solution found (tolerance 1.00e-04)
Best objective 1.152872040819e+07, best bound 1.152872040819e+07, gap 0.0000%

Gurobi 13.0.2 (linux64) logging started Thu Aug 20 14:37:56 2026

Set parameter LogFile to value "Logs/gurobi.log"
Set parameter TimeLimit to value 2.9992024534399934e+02
Gurobi Optimizer version 13.0.2 build v13.0.2rc1 (linux64 - "Ubuntu 26.04 LTS")

CPU model: AMD Ryzen 5 5600G with Radeon Graphics, instruction set [SSE2|AVX|AVX2]
Thread count: 6 physical cores, 12 logical processors, using up to 12 threads

Non-default parameters:
TimeLimit  2.9992024534399934e+02

Optimize a model with 2531 rows, 13321 columns and 42361 nonzeros (Min)
Model fingerprint: 0x465385b3
Model has 13310 linear objective coefficients
Variable types: 0 continuous, 13321 integer (13321 binary)
Coefficient statistics:
  Matrix range     [1e+00, 1e+00]
  Objective range  [3e+00, 2e+05]
  Bounds range     [1e+00, 1e+00]
  RHS range        [1e+00, 5e+00]

Found heuristic solution: objective 343961.90676
Presolve time: 0.03s
Presolved: 2531 rows, 13321 columns, 42361 nonzeros
Variable types: 0 continuous, 13321 integer (13321 binary)

Root relaxation: objective 9.949223e+04, 800 iterations, 0.01 seconds (0.04 work units)

    Nodes    |    Current Node    |     Objective Bounds      |     Work
 Expl Unexpl |  Obj  Depth IntInf | Incumbent    BestBd   Gap | It/Node Time

*    0     0               0    99492.229874 99492.2299  0.00%     -    0s

Explored 1 nodes (800 simplex iterations) in 0.06 seconds (0.08 work units)
Thread count was 12 (of 12 available processors)

Solution count 2: 99492.2 343962 

Optimal solution found (tolerance 1.00e-04)
Best objective 9.949222987440e+04, best bound 9.949222987440e+04, gap 0.0000%

Gurobi 13.0.2 (linux64) logging started Thu Aug 20 14:51:34 2026

Set parameter LogFile to value "Logs/gurobi.log"
Set parameter TimeLimit to value 2.9992867770799967e+02
Gurobi Optimizer version 13.0.2 build v13.0.2rc1 (linux64 - "Ubuntu 26.04 LTS")

CPU model: AMD Ryzen 5 5600G with Radeon Graphics, instruction set [SSE2|AVX|AVX2]
Thread count: 6 physical cores, 12 logical processors, using up to 12 threads

Non-default parameters:
TimeLimit  2.9992867770799967e+02

Optimize a model with 2531 rows, 13321 columns and 42361 nonzeros (Min)
Model fingerprint: 0x465385b3
Model has 13310 linear objective coefficients
Variable types: 0 continuous, 13321 integer (13321 binary)
Coefficient statistics:
  Matrix range     [1e+00, 1e+00]
  Objective range  [3e+00, 2e+05]
  Bounds range     [1e+00, 1e+00]
  RHS range        [1e+00, 5e+00]

Found heuristic solution: objective 343961.90676
Presolve time: 0.04s
Presolved: 2531 rows, 13321 columns, 42361 nonzeros
Variable types: 0 continuous, 13321 integer (13321 binary)

Root relaxation: objective 9.949223e+04, 800 iterations, 0.02 seconds (0.04 work units)

    Nodes    |    Current Node    |     Objective Bounds      |     Work
 Expl Unexpl |  Obj  Depth IntInf | Incumbent    BestBd   Gap | It/Node Time

*    0     0               0    99492.229874 99492.2299  0.00%     -    0s

Explored 1 nodes (800 simplex iterations) in 0.07 seconds (0.08 work units)
Thread count was 12 (of 12 available processors)

Solution count 2: 99492.2 343962 

Optimal solution found (tolerance 1.00e-04)
Best objective 9.949222987440e+04, best bound 9.949222987440e+04, gap 0.0000%

Gurobi 13.0.2 (linux64) logging started Thu Aug 20 14:51:41 2026

Set parameter LogFile to value "Logs/gurobi.log"
Set parameter TimeLimit to value 2.9992422978200011e+02
Gurobi Optimizer version 13.0.2 build v13.0.2rc1 (linux64 - "Ubuntu 26.04 LTS")

CPU model: AMD Ryzen 5 5600G with Radeon Graphics, instruction set [SSE2|AVX|AVX2]
Thread count: 6 physical cores, 12 logical processors, using up to 12 threads

Non-default parameters:
TimeLimit  2.9992422978200011e+02

Optimize a model with 2531 rows, 13321 columns and 42361 nonzeros (Min)
Model fingerprint: 0xc46d300f
Model has 13310 linear objective coefficients
Variable types: 0 continuous, 13321 integer (13321 binary)
Coefficient statistics:
  Matrix range     [1e+00, 1e+00]
  Objective range  [2e-01, 6e+05]
  Bounds range     [1e+00, 1e+00]
  RHS range        [1e+00, 5e+00]

Found heuristic solution: objective 1219388.1345
Presolve time: 0.03s
Presolved: 2531 rows, 13321 columns, 42361 nonzeros
Variable types: 0 continuous, 13321 integer (13321 binary)

Root relaxation: objective 7.285799e+04, 797 iterations, 0.01 seconds (0.03 work units)

    Nodes    |    Current Node    |     Objective Bounds      |     Work
 Expl Unexpl |  Obj  Depth IntInf | Incumbent    BestBd   Gap | It/Node Time

*    0     0               0    72857.988914 72857.9889  0.00%     -    0s

Explored 1 nodes (797 simplex iterations) in 0.06 seconds (0.09 work units)
Thread count was 12 (of 12 available processors)

Solution count 2: 72858 1.21939e+06 

Optimal solution found (tolerance 1.00e-04)
Best objective 7.285798891357e+04, best bound 7.285798891357e+04, gap 0.0000%

Gurobi 13.0.2 (linux64) logging started Thu Aug 20 14:51:52 2026

Set parameter LogFile to value "Logs/gurobi.log"
Set parameter TimeLimit to value 2.9992071428900090e+02
Gurobi Optimizer version 13.0.2 build v13.0.2rc1 (linux64 - "Ubuntu 26.04 LTS")

CPU model: AMD Ryzen 5 5600G with Radeon Graphics, instruction set [SSE2|AVX|AVX2]
Thread count: 6 physical cores, 12 logical processors, using up to 12 threads

Non-default parameters:
TimeLimit  2.9992071428900090e+02

Optimize a model with 2531 rows, 13321 columns and 42361 nonzeros (Min)
Model fingerprint: 0x465385b3
Model has 13310 linear objective coefficients
Variable types: 0 continuous, 13321 integer (13321 binary)
Coefficient statistics:
  Matrix range     [1e+00, 1e+00]
  Objective range  [3e+00, 2e+05]
  Bounds range     [1e+00, 1e+00]
  RHS range        [1e+00, 5e+00]

Found heuristic solution: objective 343961.90676
Presolve time: 0.03s
Presolved: 2531 rows, 13321 columns, 42361 nonzeros
Variable types: 0 continuous, 13321 integer (13321 binary)

Root relaxation: objective 9.949223e+04, 800 iterations, 0.02 seconds (0.04 work units)

    Nodes    |    Current Node    |     Objective Bounds      |     Work
 Expl Unexpl |  Obj  Depth IntInf | Incumbent    BestBd   Gap | It/Node Time

*    0     0               0    99492.229874 99492.2299  0.00%     -    0s

Explored 1 nodes (800 simplex iterations) in 0.06 seconds (0.08 work units)
Thread count was 12 (of 12 available processors)

Solution count 2: 99492.2 343962 

Optimal solution found (tolerance 1.00e-04)
Best objective 9.949222987440e+04, best bound 9.949222987440e+04, gap 0.0000%

Gurobi 13.0.2 (linux64) logging started Thu Aug 20 14:52:09 2026

Set parameter LogFile to value "Logs/gurobi.log"
Set parameter TimeLimit to value 2.9992203066900038e+02
Gurobi Optimizer version 13.0.2 build v13.0.2rc1 (linux64 - "Ubuntu 26.04 LTS")

CPU model: AMD Ryzen 5 5600G with Radeon Graphics, instruction set [SSE2|AVX|AVX2]
Thread count: 6 physical cores, 12 logical processors, using up to 12 threads

Non-default parameters:
TimeLimit  2.9992203066900038e+02

Optimize a model with 2531 rows, 13321 columns and 42361 nonzeros (Min)
Model fingerprint: 0xc46d300f
Model has 13310 linear objective coefficients
Variable types: 0 continuous, 13321 integer (13321 binary)
Coefficient statistics:
  Matrix range     [1e+00, 1e+00]
  Objective range  [2e-01, 6e+05]
  Bounds range     [1e+00, 1e+00]
  RHS range        [1e+00, 5e+00]

Found heuristic solution: objective 1219388.1345
Presolve time: 0.03s
Presolved: 2531 rows, 13321 columns, 42361 nonzeros
Variable types: 0 continuous, 13321 integer (13321 binary)

Root relaxation: objective 7.285799e+04, 797 iterations, 0.01 seconds (0.03 work units)

    Nodes    |    Current Node    |     Objective Bounds      |     Work
 Expl Unexpl |  Obj  Depth IntInf | Incumbent    BestBd   Gap | It/Node Time

*    0     0               0    72857.988914 72857.9889  0.00%     -    0s

Explored 1 nodes (797 simplex iterations) in 0.06 seconds (0.09 work units)
Thread count was 12 (of 12 available processors)

Solution count 2: 72858 1.21939e+06 

Optimal solution found (tolerance 1.00e-04)
Best objective 7.285798891357e+04, best bound 7.285798891357e+04, gap 0.0000%

Gurobi 13.0.2 (win64) logging started Fri Aug 21 10:08:02 2026

Set parameter LogFile to value "Logs/gurobi.log"
Set parameter TimeLimit to value 2.9968493350001518e+02
Gurobi Optimizer version 13.0.2 build v13.0.2rc1 (win64 - Windows 11+.0 (26200.2))

CPU model: 12th Gen Intel(R) Core(TM) i7-1255U, instruction set [SSE2|AVX|AVX2]
Thread count: 10 physical cores, 12 logical processors, using up to 12 threads

Non-default parameters:
TimeLimit  2.9968493350001518e+02

Academic license 2537843 - for non-commercial use only - registered to la___@ufmg.br
Optimize a model with 2531 rows, 13321 columns and 42361 nonzeros (Min)
Model fingerprint: 0x465385b3
Model has 13310 linear objective coefficients
Variable types: 0 continuous, 13321 integer (13321 binary)
Coefficient statistics:
  Matrix range     [1e+00, 1e+00]
  Objective range  [3e+00, 2e+05]
  Bounds range     [1e+00, 1e+00]
  RHS range        [1e+00, 5e+00]

Found heuristic solution: objective 343961.90676
Presolve time: 0.21s
Presolved: 2531 rows, 13321 columns, 42361 nonzeros
Variable types: 0 continuous, 13321 integer (13321 binary)

Root relaxation: objective 9.949223e+04, 800 iterations, 0.05 seconds (0.04 work units)

    Nodes    |    Current Node    |     Objective Bounds      |     Work
 Expl Unexpl |  Obj  Depth IntInf | Incumbent    BestBd   Gap | It/Node Time

*    0     0               0    99492.229874 99492.2299  0.00%     -    0s

Explored 1 nodes (800 simplex iterations) in 0.36 seconds (0.08 work units)
Thread count was 12 (of 12 available processors)

Solution count 2: 99492.2 343962 

Optimal solution found (tolerance 1.00e-04)
Best objective 9.949222987440e+04, best bound 9.949222987440e+04, gap 0.0000%

Gurobi 13.0.2 (win64) logging started Fri Aug 21 10:08:28 2026

Set parameter LogFile to value "Logs/gurobi.log"
Set parameter TimeLimit to value 2.9943391029999475e+02
Gurobi Optimizer version 13.0.2 build v13.0.2rc1 (win64 - Windows 11+.0 (26200.2))

CPU model: 12th Gen Intel(R) Core(TM) i7-1255U, instruction set [SSE2|AVX|AVX2]
Thread count: 10 physical cores, 12 logical processors, using up to 12 threads

Non-default parameters:
TimeLimit  2.9943391029999475e+02

Academic license 2537843 - for non-commercial use only - registered to la___@ufmg.br
Optimize a model with 2531 rows, 13321 columns and 42361 nonzeros (Min)
Model fingerprint: 0xc46d300f
Model has 13310 linear objective coefficients
Variable types: 0 continuous, 13321 integer (13321 binary)
Coefficient statistics:
  Matrix range     [1e+00, 1e+00]
  Objective range  [2e-01, 6e+05]
  Bounds range     [1e+00, 1e+00]
  RHS range        [1e+00, 5e+00]

Found heuristic solution: objective 1219388.1345
Presolve time: 0.10s
Presolved: 2531 rows, 13321 columns, 42361 nonzeros
Variable types: 0 continuous, 13321 integer (13321 binary)

Root relaxation: objective 7.285799e+04, 797 iterations, 0.05 seconds (0.03 work units)

    Nodes    |    Current Node    |     Objective Bounds      |     Work
 Expl Unexpl |  Obj  Depth IntInf | Incumbent    BestBd   Gap | It/Node Time

*    0     0               0    72857.988914 72857.9889  0.00%     -    0s

Explored 1 nodes (797 simplex iterations) in 0.22 seconds (0.09 work units)
Thread count was 12 (of 12 available processors)

Solution count 2: 72858 1.21939e+06 

Optimal solution found (tolerance 1.00e-04)
Best objective 7.285798891357e+04, best bound 7.285798891357e+04, gap 0.0000%

Gurobi 13.0.2 (win64) logging started Fri Aug 21 10:49:39 2026

Set parameter LogFile to value "Logs/gurobi.log"
Set parameter TimeLimit to value 2.9976603259998956e+02
Gurobi Optimizer version 13.0.2 build v13.0.2rc1 (win64 - Windows 11+.0 (26200.2))

CPU model: 12th Gen Intel(R) Core(TM) i7-1255U, instruction set [SSE2|AVX|AVX2]
Thread count: 10 physical cores, 12 logical processors, using up to 12 threads

Non-default parameters:
TimeLimit  2.9976603259998956e+02

Academic license 2537843 - for non-commercial use only - registered to la___@ufmg.br
Optimize a model with 2531 rows, 13321 columns and 42361 nonzeros (Min)
Model fingerprint: 0x465385b3
Model has 13310 linear objective coefficients
Variable types: 0 continuous, 13321 integer (13321 binary)
Coefficient statistics:
  Matrix range     [1e+00, 1e+00]
  Objective range  [3e+00, 2e+05]
  Bounds range     [1e+00, 1e+00]
  RHS range        [1e+00, 5e+00]

Found heuristic solution: objective 343961.90676
Presolve time: 0.10s
Presolved: 2531 rows, 13321 columns, 42361 nonzeros
Variable types: 0 continuous, 13321 integer (13321 binary)

Root relaxation: objective 9.949223e+04, 800 iterations, 0.04 seconds (0.04 work units)

    Nodes    |    Current Node    |     Objective Bounds      |     Work
 Expl Unexpl |  Obj  Depth IntInf | Incumbent    BestBd   Gap | It/Node Time

*    0     0               0    99492.229874 99492.2299  0.00%     -    0s

Explored 1 nodes (800 simplex iterations) in 0.21 seconds (0.08 work units)
Thread count was 12 (of 12 available processors)

Solution count 2: 99492.2 343962 

Optimal solution found (tolerance 1.00e-04)
Best objective 9.949222987440e+04, best bound 9.949222987440e+04, gap 0.0000%

Gurobi 13.0.2 (win64) logging started Fri Aug 21 10:49:53 2026

Set parameter LogFile to value "Logs/gurobi.log"
Set parameter TimeLimit to value 2.9982784000001266e+02
Gurobi Optimizer version 13.0.2 build v13.0.2rc1 (win64 - Windows 11+.0 (26200.2))

CPU model: 12th Gen Intel(R) Core(TM) i7-1255U, instruction set [SSE2|AVX|AVX2]
Thread count: 10 physical cores, 12 logical processors, using up to 12 threads

Non-default parameters:
TimeLimit  2.9982784000001266e+02

Academic license 2537843 - for non-commercial use only - registered to la___@ufmg.br
Optimize a model with 2531 rows, 13321 columns and 42361 nonzeros (Min)
Model fingerprint: 0xc46d300f
Model has 13310 linear objective coefficients
Variable types: 0 continuous, 13321 integer (13321 binary)
Coefficient statistics:
  Matrix range     [1e+00, 1e+00]
  Objective range  [2e-01, 6e+05]
  Bounds range     [1e+00, 1e+00]
  RHS range        [1e+00, 5e+00]

Found heuristic solution: objective 1219388.1345
Presolve time: 0.10s
Presolved: 2531 rows, 13321 columns, 42361 nonzeros
Variable types: 0 continuous, 13321 integer (13321 binary)

Root relaxation: objective 7.285799e+04, 797 iterations, 0.04 seconds (0.03 work units)

    Nodes    |    Current Node    |     Objective Bounds      |     Work
 Expl Unexpl |  Obj  Depth IntInf | Incumbent    BestBd   Gap | It/Node Time

*    0     0               0    72857.988914 72857.9889  0.00%     -    0s

Explored 1 nodes (797 simplex iterations) in 0.23 seconds (0.09 work units)
Thread count was 12 (of 12 available processors)

Solution count 2: 72858 1.21939e+06 

Optimal solution found (tolerance 1.00e-04)
Best objective 7.285798891357e+04, best bound 7.285798891357e+04, gap 0.0000%

Gurobi 13.0.2 (win64) logging started Fri Aug 21 10:50:03 2026

Set parameter LogFile to value "Logs/gurobi.log"
Set parameter TimeLimit to value 2.9983146469999338e+02
Gurobi Optimizer version 13.0.2 build v13.0.2rc1 (win64 - Windows 11+.0 (26200.2))

CPU model: 12th Gen Intel(R) Core(TM) i7-1255U, instruction set [SSE2|AVX|AVX2]
Thread count: 10 physical cores, 12 logical processors, using up to 12 threads

Non-default parameters:
TimeLimit  2.9983146469999338e+02

Academic license 2537843 - for non-commercial use only - registered to la___@ufmg.br
Optimize a model with 2531 rows, 13321 columns and 42361 nonzeros (Min)
Model fingerprint: 0x465385b3
Model has 13310 linear objective coefficients
Variable types: 0 continuous, 13321 integer (13321 binary)
Coefficient statistics:
  Matrix range     [1e+00, 1e+00]
  Objective range  [3e+00, 2e+05]
  Bounds range     [1e+00, 1e+00]
  RHS range        [1e+00, 5e+00]

Found heuristic solution: objective 343961.90676
Presolve time: 0.06s
Presolved: 2531 rows, 13321 columns, 42361 nonzeros
Variable types: 0 continuous, 13321 integer (13321 binary)

Root relaxation: objective 9.949223e+04, 800 iterations, 0.03 seconds (0.04 work units)

    Nodes    |    Current Node    |     Objective Bounds      |     Work
 Expl Unexpl |  Obj  Depth IntInf | Incumbent    BestBd   Gap | It/Node Time

*    0     0               0    99492.229874 99492.2299  0.00%     -    0s

Explored 1 nodes (800 simplex iterations) in 0.18 seconds (0.08 work units)
Thread count was 12 (of 12 available processors)

Solution count 2: 99492.2 343962 

Optimal solution found (tolerance 1.00e-04)
Best objective 9.949222987440e+04, best bound 9.949222987440e+04, gap 0.0000%

Gurobi 13.0.2 (win64) logging started Fri Aug 21 10:54:08 2026

Set parameter LogFile to value "Logs/gurobi.log"
Set parameter TimeLimit to value 2.9984390450001229e+02
Gurobi Optimizer version 13.0.2 build v13.0.2rc1 (win64 - Windows 11+.0 (26200.2))

CPU model: 12th Gen Intel(R) Core(TM) i7-1255U, instruction set [SSE2|AVX|AVX2]
Thread count: 10 physical cores, 12 logical processors, using up to 12 threads

Non-default parameters:
TimeLimit  2.9984390450001229e+02

Academic license 2537843 - for non-commercial use only - registered to la___@ufmg.br
Optimize a model with 2531 rows, 13321 columns and 42361 nonzeros (Min)
Model fingerprint: 0xc46d300f
Model has 13310 linear objective coefficients
Variable types: 0 continuous, 13321 integer (13321 binary)
Coefficient statistics:
  Matrix range     [1e+00, 1e+00]
  Objective range  [2e-01, 6e+05]
  Bounds range     [1e+00, 1e+00]
  RHS range        [1e+00, 5e+00]

Found heuristic solution: objective 1219388.1345
Presolve time: 0.05s
Presolved: 2531 rows, 13321 columns, 42361 nonzeros
Variable types: 0 continuous, 13321 integer (13321 binary)

Root relaxation: objective 7.285799e+04, 797 iterations, 0.03 seconds (0.03 work units)

    Nodes    |    Current Node    |     Objective Bounds      |     Work
 Expl Unexpl |  Obj  Depth IntInf | Incumbent    BestBd   Gap | It/Node Time

*    0     0               0    72857.988914 72857.9889  0.00%     -    0s

Explored 1 nodes (797 simplex iterations) in 0.13 seconds (0.09 work units)
Thread count was 12 (of 12 available processors)

Solution count 2: 72858 1.21939e+06 

Optimal solution found (tolerance 1.00e-04)
Best objective 7.285798891357e+04, best bound 7.285798891357e+04, gap 0.0000%

Gurobi 13.0.2 (win64) logging started Fri Aug 21 10:58:04 2026

Set parameter LogFile to value "Logs/gurobi.log"
Set parameter TimeLimit to value 299.852876799996
Gurobi Optimizer version 13.0.2 build v13.0.2rc1 (win64 - Windows 11+.0 (26200.2))

CPU model: 12th Gen Intel(R) Core(TM) i7-1255U, instruction set [SSE2|AVX|AVX2]
Thread count: 10 physical cores, 12 logical processors, using up to 12 threads

Non-default parameters:
TimeLimit  299.852876799996

Academic license 2537843 - for non-commercial use only - registered to la___@ufmg.br
Optimize a model with 2531 rows, 13321 columns and 42361 nonzeros (Min)
Model fingerprint: 0x465385b3
Model has 13310 linear objective coefficients
Variable types: 0 continuous, 13321 integer (13321 binary)
Coefficient statistics:
  Matrix range     [1e+00, 1e+00]
  Objective range  [3e+00, 2e+05]
  Bounds range     [1e+00, 1e+00]
  RHS range        [1e+00, 5e+00]

Found heuristic solution: objective 343961.90676
Presolve time: 0.05s
Presolved: 2531 rows, 13321 columns, 42361 nonzeros
Variable types: 0 continuous, 13321 integer (13321 binary)

Root relaxation: objective 9.949223e+04, 800 iterations, 0.03 seconds (0.04 work units)

    Nodes    |    Current Node    |     Objective Bounds      |     Work
 Expl Unexpl |  Obj  Depth IntInf | Incumbent    BestBd   Gap | It/Node Time

*    0     0               0    99492.229874 99492.2299  0.00%     -    0s

Explored 1 nodes (800 simplex iterations) in 0.13 seconds (0.08 work units)
Thread count was 12 (of 12 available processors)

Solution count 2: 99492.2 343962 

Optimal solution found (tolerance 1.00e-04)
Best objective 9.949222987440e+04, best bound 9.949222987440e+04, gap 0.0000%

Gurobi 13.0.2 (win64) logging started Fri Aug 21 10:59:54 2026

Set parameter LogFile to value "Logs/gurobi.log"
Set parameter TimeLimit to value 2.9984747569999308e+02
Gurobi Optimizer version 13.0.2 build v13.0.2rc1 (win64 - Windows 11+.0 (26200.2))

CPU model: 12th Gen Intel(R) Core(TM) i7-1255U, instruction set [SSE2|AVX|AVX2]
Thread count: 10 physical cores, 12 logical processors, using up to 12 threads

Non-default parameters:
TimeLimit  2.9984747569999308e+02

Academic license 2537843 - for non-commercial use only - registered to la___@ufmg.br
Optimize a model with 2531 rows, 13321 columns and 42361 nonzeros (Min)
Model fingerprint: 0x465385b3
Model has 13310 linear objective coefficients
Variable types: 0 continuous, 13321 integer (13321 binary)
Coefficient statistics:
  Matrix range     [1e+00, 1e+00]
  Objective range  [3e+00, 2e+05]
  Bounds range     [1e+00, 1e+00]
  RHS range        [1e+00, 5e+00]

Found heuristic solution: objective 343961.90676
Presolve time: 0.07s
Presolved: 2531 rows, 13321 columns, 42361 nonzeros
Variable types: 0 continuous, 13321 integer (13321 binary)

Root relaxation: objective 9.949223e+04, 800 iterations, 0.04 seconds (0.04 work units)

    Nodes    |    Current Node    |     Objective Bounds      |     Work
 Expl Unexpl |  Obj  Depth IntInf | Incumbent    BestBd   Gap | It/Node Time

*    0     0               0    99492.229874 99492.2299  0.00%     -    0s

Explored 1 nodes (800 simplex iterations) in 0.17 seconds (0.08 work units)
Thread count was 12 (of 12 available processors)

Solution count 2: 99492.2 343962 

Optimal solution found (tolerance 1.00e-04)
Best objective 9.949222987440e+04, best bound 9.949222987440e+04, gap 0.0000%

Gurobi 13.0.2 (win64) logging started Fri Aug 21 10:59:54 2026

Set parameter LogFile to value "Logs/gurobi.log"
Set parameter TimeLimit to value 2.9984696289998828e+02
Gurobi Optimizer version 13.0.2 build v13.0.2rc1 (win64 - Windows 11+.0 (26200.2))

CPU model: 12th Gen Intel(R) Core(TM) i7-1255U, instruction set [SSE2|AVX|AVX2]
Thread count: 10 physical cores, 12 logical processors, using up to 12 threads

Non-default parameters:
TimeLimit  2.9984696289998828e+02

Academic license 2537843 - for non-commercial use only - registered to la___@ufmg.br
Optimize a model with 2531 rows, 13321 columns and 42361 nonzeros (Min)
Model fingerprint: 0xc46d300f
Model has 13310 linear objective coefficients
Variable types: 0 continuous, 13321 integer (13321 binary)
Coefficient statistics:
  Matrix range     [1e+00, 1e+00]
  Objective range  [2e-01, 6e+05]
  Bounds range     [1e+00, 1e+00]
  RHS range        [1e+00, 5e+00]

Found heuristic solution: objective 1219388.1345
Presolve time: 0.06s
Presolved: 2531 rows, 13321 columns, 42361 nonzeros
Variable types: 0 continuous, 13321 integer (13321 binary)

Root relaxation: objective 7.285799e+04, 797 iterations, 0.03 seconds (0.03 work units)

    Nodes    |    Current Node    |     Objective Bounds      |     Work
 Expl Unexpl |  Obj  Depth IntInf | Incumbent    BestBd   Gap | It/Node Time

*    0     0               0    72857.988914 72857.9889  0.00%     -    0s

Explored 1 nodes (797 simplex iterations) in 0.14 seconds (0.09 work units)
Thread count was 12 (of 12 available processors)

Solution count 2: 72858 1.21939e+06 

Optimal solution found (tolerance 1.00e-04)
Best objective 7.285798891357e+04, best bound 7.285798891357e+04, gap 0.0000%

Gurobi 13.0.2 (win64) logging started Fri Aug 21 11:04:05 2026

Set parameter LogFile to value "Logs/gurobi.log"
Set parameter TimeLimit to value 2.9987969269999303e+02
Gurobi Optimizer version 13.0.2 build v13.0.2rc1 (win64 - Windows 11+.0 (26200.2))

CPU model: 12th Gen Intel(R) Core(TM) i7-1255U, instruction set [SSE2|AVX|AVX2]
Thread count: 10 physical cores, 12 logical processors, using up to 12 threads

Non-default parameters:
TimeLimit  2.9987969269999303e+02

Academic license 2537843 - for non-commercial use only - registered to la___@ufmg.br
Optimize a model with 2531 rows, 13321 columns and 42361 nonzeros (Min)
Model fingerprint: 0x465385b3
Model has 13310 linear objective coefficients
Variable types: 0 continuous, 13321 integer (13321 binary)
Coefficient statistics:
  Matrix range     [1e+00, 1e+00]
  Objective range  [3e+00, 2e+05]
  Bounds range     [1e+00, 1e+00]
  RHS range        [1e+00, 5e+00]

Found heuristic solution: objective 343961.90676
Presolve time: 0.05s
Presolved: 2531 rows, 13321 columns, 42361 nonzeros
Variable types: 0 continuous, 13321 integer (13321 binary)

Root relaxation: objective 9.949223e+04, 800 iterations, 0.03 seconds (0.04 work units)

    Nodes    |    Current Node    |     Objective Bounds      |     Work
 Expl Unexpl |  Obj  Depth IntInf | Incumbent    BestBd   Gap | It/Node Time

*    0     0               0    99492.229874 99492.2299  0.00%     -    0s

Explored 1 nodes (800 simplex iterations) in 0.12 seconds (0.08 work units)
Thread count was 12 (of 12 available processors)

Solution count 2: 99492.2 343962 

Optimal solution found (tolerance 1.00e-04)
Best objective 9.949222987440e+04, best bound 9.949222987440e+04, gap 0.0000%

Gurobi 13.0.2 (win64) logging started Fri Aug 21 11:06:00 2026

Set parameter LogFile to value "Logs/gurobi.log"
Set parameter TimeLimit to value 2.9989351709999028e+02
Gurobi Optimizer version 13.0.2 build v13.0.2rc1 (win64 - Windows 11+.0 (26200.2))

CPU model: 12th Gen Intel(R) Core(TM) i7-1255U, instruction set [SSE2|AVX|AVX2]
Thread count: 10 physical cores, 12 logical processors, using up to 12 threads

Non-default parameters:
TimeLimit  2.9989351709999028e+02

Academic license 2537843 - for non-commercial use only - registered to la___@ufmg.br
Optimize a model with 2531 rows, 13321 columns and 42361 nonzeros (Min)
Model fingerprint: 0x465385b3
Model has 13310 linear objective coefficients
Variable types: 0 continuous, 13321 integer (13321 binary)
Coefficient statistics:
  Matrix range     [1e+00, 1e+00]
  Objective range  [3e+00, 2e+05]
  Bounds range     [1e+00, 1e+00]
  RHS range        [1e+00, 5e+00]

Found heuristic solution: objective 343961.90676
Presolve time: 0.04s
Presolved: 2531 rows, 13321 columns, 42361 nonzeros
Variable types: 0 continuous, 13321 integer (13321 binary)

Root relaxation: objective 9.949223e+04, 800 iterations, 0.02 seconds (0.04 work units)

    Nodes    |    Current Node    |     Objective Bounds      |     Work
 Expl Unexpl |  Obj  Depth IntInf | Incumbent    BestBd   Gap | It/Node Time

*    0     0               0    99492.229874 99492.2299  0.00%     -    0s

Explored 1 nodes (800 simplex iterations) in 0.09 seconds (0.08 work units)
Thread count was 12 (of 12 available processors)

Solution count 2: 99492.2 343962 

Optimal solution found (tolerance 1.00e-04)
Best objective 9.949222987440e+04, best bound 9.949222987440e+04, gap 0.0000%

Gurobi 13.0.2 (win64) logging started Fri Aug 21 11:06:14 2026

Set parameter LogFile to value "Logs/gurobi.log"
Set parameter TimeLimit to value 2.9989175270000123e+02
Gurobi Optimizer version 13.0.2 build v13.0.2rc1 (win64 - Windows 11+.0 (26200.2))

CPU model: 12th Gen Intel(R) Core(TM) i7-1255U, instruction set [SSE2|AVX|AVX2]
Thread count: 10 physical cores, 12 logical processors, using up to 12 threads

Non-default parameters:
TimeLimit  2.9989175270000123e+02

Academic license 2537843 - for non-commercial use only - registered to la___@ufmg.br
Optimize a model with 2531 rows, 13321 columns and 42361 nonzeros (Min)
Model fingerprint: 0xc46d300f
Model has 13310 linear objective coefficients
Variable types: 0 continuous, 13321 integer (13321 binary)
Coefficient statistics:
  Matrix range     [1e+00, 1e+00]
  Objective range  [2e-01, 6e+05]
  Bounds range     [1e+00, 1e+00]
  RHS range        [1e+00, 5e+00]

Found heuristic solution: objective 1219388.1345
Presolve time: 0.04s
Presolved: 2531 rows, 13321 columns, 42361 nonzeros
Variable types: 0 continuous, 13321 integer (13321 binary)

Root relaxation: objective 7.285799e+04, 797 iterations, 0.02 seconds (0.03 work units)

    Nodes    |    Current Node    |     Objective Bounds      |     Work
 Expl Unexpl |  Obj  Depth IntInf | Incumbent    BestBd   Gap | It/Node Time

*    0     0               0    72857.988914 72857.9889  0.00%     -    0s

Explored 1 nodes (797 simplex iterations) in 0.08 seconds (0.09 work units)
Thread count was 12 (of 12 available processors)

Solution count 2: 72858 1.21939e+06 

Optimal solution found (tolerance 1.00e-04)
Best objective 7.285798891357e+04, best bound 7.285798891357e+04, gap 0.0000%

Gurobi 13.0.2 (win64) logging started Fri Aug 21 11:09:24 2026

Set parameter LogFile to value "Logs/gurobi.log"
Set parameter TimeLimit to value 2.9942981110000983e+02
Gurobi Optimizer version 13.0.2 build v13.0.2rc1 (win64 - Windows 11+.0 (26200.2))

CPU model: 12th Gen Intel(R) Core(TM) i7-1255U, instruction set [SSE2|AVX|AVX2]
Thread count: 10 physical cores, 12 logical processors, using up to 12 threads

Non-default parameters:
TimeLimit  2.9942981110000983e+02

Academic license 2537843 - for non-commercial use only - registered to la___@ufmg.br
Optimize a model with 2531 rows, 13321 columns and 42361 nonzeros (Min)
Model fingerprint: 0x465385b3
Model has 13310 linear objective coefficients
Variable types: 0 continuous, 13321 integer (13321 binary)
Coefficient statistics:
  Matrix range     [1e+00, 1e+00]
  Objective range  [3e+00, 2e+05]
  Bounds range     [1e+00, 1e+00]
  RHS range        [1e+00, 5e+00]

Found heuristic solution: objective 343961.90676
Presolve time: 0.04s
Presolved: 2531 rows, 13321 columns, 42361 nonzeros
Variable types: 0 continuous, 13321 integer (13321 binary)

Root relaxation: objective 9.949223e+04, 800 iterations, 0.02 seconds (0.04 work units)

    Nodes    |    Current Node    |     Objective Bounds      |     Work
 Expl Unexpl |  Obj  Depth IntInf | Incumbent    BestBd   Gap | It/Node Time

*    0     0               0    99492.229874 99492.2299  0.00%     -    0s

Explored 1 nodes (800 simplex iterations) in 0.10 seconds (0.08 work units)
Thread count was 12 (of 12 available processors)

Solution count 2: 99492.2 343962 

Optimal solution found (tolerance 1.00e-04)
Best objective 9.949222987440e+04, best bound 9.949222987440e+04, gap 0.0000%

Gurobi 13.0.2 (win64) logging started Fri Aug 21 11:09:35 2026

Set parameter LogFile to value "Logs/gurobi.log"
Set parameter TimeLimit to value 2.9989483619999373e+02
Gurobi Optimizer version 13.0.2 build v13.0.2rc1 (win64 - Windows 11+.0 (26200.2))

CPU model: 12th Gen Intel(R) Core(TM) i7-1255U, instruction set [SSE2|AVX|AVX2]
Thread count: 10 physical cores, 12 logical processors, using up to 12 threads

Non-default parameters:
TimeLimit  2.9989483619999373e+02

Academic license 2537843 - for non-commercial use only - registered to la___@ufmg.br
Optimize a model with 2531 rows, 13321 columns and 42361 nonzeros (Min)
Model fingerprint: 0xc46d300f
Model has 13310 linear objective coefficients
Variable types: 0 continuous, 13321 integer (13321 binary)
Coefficient statistics:
  Matrix range     [1e+00, 1e+00]
  Objective range  [2e-01, 6e+05]
  Bounds range     [1e+00, 1e+00]
  RHS range        [1e+00, 5e+00]

Found heuristic solution: objective 1219388.1345
Presolve time: 0.04s
Presolved: 2531 rows, 13321 columns, 42361 nonzeros
Variable types: 0 continuous, 13321 integer (13321 binary)

Root relaxation: objective 7.285799e+04, 797 iterations, 0.02 seconds (0.03 work units)

    Nodes    |    Current Node    |     Objective Bounds      |     Work
 Expl Unexpl |  Obj  Depth IntInf | Incumbent    BestBd   Gap | It/Node Time

*    0     0               0    72857.988914 72857.9889  0.00%     -    0s

Explored 1 nodes (797 simplex iterations) in 0.09 seconds (0.09 work units)
Thread count was 12 (of 12 available processors)

Solution count 2: 72858 1.21939e+06 

Optimal solution found (tolerance 1.00e-04)
Best objective 7.285798891357e+04, best bound 7.285798891357e+04, gap 0.0000%

Gurobi 13.0.2 (win64) logging started Fri Aug 21 11:13:28 2026

Set parameter LogFile to value "Logs/gurobi.log"
Set parameter TimeLimit to value 2.9990710290000425e+02
Gurobi Optimizer version 13.0.2 build v13.0.2rc1 (win64 - Windows 11+.0 (26200.2))

CPU model: 12th Gen Intel(R) Core(TM) i7-1255U, instruction set [SSE2|AVX|AVX2]
Thread count: 10 physical cores, 12 logical processors, using up to 12 threads

Non-default parameters:
TimeLimit  2.9990710290000425e+02

Academic license 2537843 - for non-commercial use only - registered to la___@ufmg.br
Optimize a model with 2531 rows, 13321 columns and 42361 nonzeros (Min)
Model fingerprint: 0x465385b3
Model has 13310 linear objective coefficients
Variable types: 0 continuous, 13321 integer (13321 binary)
Coefficient statistics:
  Matrix range     [1e+00, 1e+00]
  Objective range  [3e+00, 2e+05]
  Bounds range     [1e+00, 1e+00]
  RHS range        [1e+00, 5e+00]

Found heuristic solution: objective 343961.90676
Presolve time: 0.04s
Presolved: 2531 rows, 13321 columns, 42361 nonzeros
Variable types: 0 continuous, 13321 integer (13321 binary)

Root relaxation: objective 9.949223e+04, 800 iterations, 0.01 seconds (0.04 work units)

    Nodes    |    Current Node    |     Objective Bounds      |     Work
 Expl Unexpl |  Obj  Depth IntInf | Incumbent    BestBd   Gap | It/Node Time

*    0     0               0    99492.229874 99492.2299  0.00%     -    0s

Explored 1 nodes (800 simplex iterations) in 0.08 seconds (0.08 work units)
Thread count was 12 (of 12 available processors)

Solution count 2: 99492.2 343962 

Optimal solution found (tolerance 1.00e-04)
Best objective 9.949222987440e+04, best bound 9.949222987440e+04, gap 0.0000%

Gurobi 13.0.2 (win64) logging started Fri Aug 21 11:13:44 2026

Set parameter LogFile to value "Logs/gurobi.log"
Set parameter TimeLimit to value 2.9989362139999866e+02
Gurobi Optimizer version 13.0.2 build v13.0.2rc1 (win64 - Windows 11+.0 (26200.2))

CPU model: 12th Gen Intel(R) Core(TM) i7-1255U, instruction set [SSE2|AVX|AVX2]
Thread count: 10 physical cores, 12 logical processors, using up to 12 threads

Non-default parameters:
TimeLimit  2.9989362139999866e+02

Academic license 2537843 - for non-commercial use only - registered to la___@ufmg.br
Optimize a model with 2531 rows, 13321 columns and 42361 nonzeros (Min)
Model fingerprint: 0xc46d300f
Model has 13310 linear objective coefficients
Variable types: 0 continuous, 13321 integer (13321 binary)
Coefficient statistics:
  Matrix range     [1e+00, 1e+00]
  Objective range  [2e-01, 6e+05]
  Bounds range     [1e+00, 1e+00]
  RHS range        [1e+00, 5e+00]

Found heuristic solution: objective 1219388.1345
Presolve time: 0.04s
Presolved: 2531 rows, 13321 columns, 42361 nonzeros
Variable types: 0 continuous, 13321 integer (13321 binary)

Root relaxation: objective 7.285799e+04, 797 iterations, 0.02 seconds (0.03 work units)

    Nodes    |    Current Node    |     Objective Bounds      |     Work
 Expl Unexpl |  Obj  Depth IntInf | Incumbent    BestBd   Gap | It/Node Time

*    0     0               0    72857.988914 72857.9889  0.00%     -    0s

Explored 1 nodes (797 simplex iterations) in 0.09 seconds (0.09 work units)
Thread count was 12 (of 12 available processors)

Solution count 2: 72858 1.21939e+06 

Optimal solution found (tolerance 1.00e-04)
Best objective 7.285798891357e+04, best bound 7.285798891357e+04, gap 0.0000%

Gurobi 13.0.2 (win64) logging started Fri Aug 21 11:17:01 2026

Set parameter LogFile to value "Logs/gurobi.log"
Set parameter TimeLimit to value 2.9992070409998996e+02
Gurobi Optimizer version 13.0.2 build v13.0.2rc1 (win64 - Windows 11+.0 (26200.2))

CPU model: 12th Gen Intel(R) Core(TM) i7-1255U, instruction set [SSE2|AVX|AVX2]
Thread count: 10 physical cores, 12 logical processors, using up to 12 threads

Non-default parameters:
TimeLimit  2.9992070409998996e+02

Academic license 2537843 - for non-commercial use only - registered to la___@ufmg.br
Optimize a model with 2531 rows, 13321 columns and 42361 nonzeros (Min)
Model fingerprint: 0x465385b3
Model has 13310 linear objective coefficients
Variable types: 0 continuous, 13321 integer (13321 binary)
Coefficient statistics:
  Matrix range     [1e+00, 1e+00]
  Objective range  [3e+00, 2e+05]
  Bounds range     [1e+00, 1e+00]
  RHS range        [1e+00, 5e+00]

Found heuristic solution: objective 343961.90676
Presolve time: 0.03s
Presolved: 2531 rows, 13321 columns, 42361 nonzeros
Variable types: 0 continuous, 13321 integer (13321 binary)

Root relaxation: objective 9.949223e+04, 800 iterations, 0.02 seconds (0.04 work units)

    Nodes    |    Current Node    |     Objective Bounds      |     Work
 Expl Unexpl |  Obj  Depth IntInf | Incumbent    BestBd   Gap | It/Node Time

*    0     0               0    99492.229874 99492.2299  0.00%     -    0s

Explored 1 nodes (800 simplex iterations) in 0.07 seconds (0.08 work units)
Thread count was 12 (of 12 available processors)

Solution count 2: 99492.2 343962 

Optimal solution found (tolerance 1.00e-04)
Best objective 9.949222987440e+04, best bound 9.949222987440e+04, gap 0.0000%

Gurobi 13.0.2 (win64) logging started Fri Aug 21 11:17:03 2026

Set parameter LogFile to value "Logs/gurobi.log"
Set parameter TimeLimit to value 2.9988735569998971e+02
Gurobi Optimizer version 13.0.2 build v13.0.2rc1 (win64 - Windows 11+.0 (26200.2))

CPU model: 12th Gen Intel(R) Core(TM) i7-1255U, instruction set [SSE2|AVX|AVX2]
Thread count: 10 physical cores, 12 logical processors, using up to 12 threads

Non-default parameters:
TimeLimit  2.9988735569998971e+02

Academic license 2537843 - for non-commercial use only - registered to la___@ufmg.br
Optimize a model with 2531 rows, 13321 columns and 42361 nonzeros (Min)
Model fingerprint: 0x465385b3
Model has 13310 linear objective coefficients
Variable types: 0 continuous, 13321 integer (13321 binary)
Coefficient statistics:
  Matrix range     [1e+00, 1e+00]
  Objective range  [3e+00, 2e+05]
  Bounds range     [1e+00, 1e+00]
  RHS range        [1e+00, 5e+00]

Found heuristic solution: objective 343961.90676
Presolve time: 0.04s
Presolved: 2531 rows, 13321 columns, 42361 nonzeros
Variable types: 0 continuous, 13321 integer (13321 binary)

Root relaxation: objective 9.949223e+04, 800 iterations, 0.02 seconds (0.04 work units)

    Nodes    |    Current Node    |     Objective Bounds      |     Work
 Expl Unexpl |  Obj  Depth IntInf | Incumbent    BestBd   Gap | It/Node Time

*    0     0               0    99492.229874 99492.2299  0.00%     -    0s

Explored 1 nodes (800 simplex iterations) in 0.10 seconds (0.08 work units)
Thread count was 12 (of 12 available processors)

Solution count 2: 99492.2 343962 

Optimal solution found (tolerance 1.00e-04)
Best objective 9.949222987440e+04, best bound 9.949222987440e+04, gap 0.0000%

Gurobi 13.0.2 (win64) logging started Fri Aug 21 11:18:24 2026

Set parameter LogFile to value "Logs/gurobi.log"
Set parameter TimeLimit to value 2.9981888349997462e+02
Gurobi Optimizer version 13.0.2 build v13.0.2rc1 (win64 - Windows 11+.0 (26200.2))

CPU model: 12th Gen Intel(R) Core(TM) i7-1255U, instruction set [SSE2|AVX|AVX2]
Thread count: 10 physical cores, 12 logical processors, using up to 12 threads

Non-default parameters:
TimeLimit  2.9981888349997462e+02

Academic license 2537843 - for non-commercial use only - registered to la___@ufmg.br
Optimize a model with 2531 rows, 13321 columns and 42361 nonzeros (Min)
Model fingerprint: 0xc46d300f
Model has 13310 linear objective coefficients
Variable types: 0 continuous, 13321 integer (13321 binary)
Coefficient statistics:
  Matrix range     [1e+00, 1e+00]
  Objective range  [2e-01, 6e+05]
  Bounds range     [1e+00, 1e+00]
  RHS range        [1e+00, 5e+00]

Found heuristic solution: objective 1219388.1345
Presolve time: 0.07s
Presolved: 2531 rows, 13321 columns, 42361 nonzeros
Variable types: 0 continuous, 13321 integer (13321 binary)

Root relaxation: objective 7.285799e+04, 797 iterations, 0.04 seconds (0.03 work units)

    Nodes    |    Current Node    |     Objective Bounds      |     Work
 Expl Unexpl |  Obj  Depth IntInf | Incumbent    BestBd   Gap | It/Node Time

*    0     0               0    72857.988914 72857.9889  0.00%     -    0s

Explored 1 nodes (797 simplex iterations) in 0.16 seconds (0.09 work units)
Thread count was 12 (of 12 available processors)

Solution count 2: 72858 1.21939e+06 

Optimal solution found (tolerance 1.00e-04)
Best objective 7.285798891357e+04, best bound 7.285798891357e+04, gap 0.0000%

Gurobi 13.0.2 (win64) logging started Fri Aug 21 11:24:38 2026

Set parameter LogFile to value "Logs/gurobi.log"
Set parameter TimeLimit to value 2.9988114899999346e+02
Gurobi Optimizer version 13.0.2 build v13.0.2rc1 (win64 - Windows 11+.0 (26200.2))

CPU model: 12th Gen Intel(R) Core(TM) i7-1255U, instruction set [SSE2|AVX|AVX2]
Thread count: 10 physical cores, 12 logical processors, using up to 12 threads

Non-default parameters:
TimeLimit  2.9988114899999346e+02

Academic license 2537843 - for non-commercial use only - registered to la___@ufmg.br
Optimize a model with 2531 rows, 13321 columns and 42361 nonzeros (Min)
Model fingerprint: 0x465385b3
Model has 13310 linear objective coefficients
Variable types: 0 continuous, 13321 integer (13321 binary)
Coefficient statistics:
  Matrix range     [1e+00, 1e+00]
  Objective range  [3e+00, 2e+05]
  Bounds range     [1e+00, 1e+00]
  RHS range        [1e+00, 5e+00]

Found heuristic solution: objective 343961.90676
Presolve time: 0.05s
Presolved: 2531 rows, 13321 columns, 42361 nonzeros
Variable types: 0 continuous, 13321 integer (13321 binary)

Root relaxation: objective 9.949223e+04, 800 iterations, 0.02 seconds (0.04 work units)

    Nodes    |    Current Node    |     Objective Bounds      |     Work
 Expl Unexpl |  Obj  Depth IntInf | Incumbent    BestBd   Gap | It/Node Time

*    0     0               0    99492.229874 99492.2299  0.00%     -    0s

Explored 1 nodes (800 simplex iterations) in 0.10 seconds (0.08 work units)
Thread count was 12 (of 12 available processors)

Solution count 2: 99492.2 343962 

Optimal solution found (tolerance 1.00e-04)
Best objective 9.949222987440e+04, best bound 9.949222987440e+04, gap 0.0000%

Gurobi 13.0.2 (win64) logging started Fri Aug 21 11:27:14 2026

Set parameter LogFile to value "Logs/gurobi.log"
Set parameter TimeLimit to value 299.923199700017
Gurobi Optimizer version 13.0.2 build v13.0.2rc1 (win64 - Windows 11+.0 (26200.2))

CPU model: 12th Gen Intel(R) Core(TM) i7-1255U, instruction set [SSE2|AVX|AVX2]
Thread count: 10 physical cores, 12 logical processors, using up to 12 threads

Non-default parameters:
TimeLimit  299.923199700017

Academic license 2537843 - for non-commercial use only - registered to la___@ufmg.br
Optimize a model with 1891 rows, 9010 columns and 28810 nonzeros (Min)
Model fingerprint: 0xaa7580a9
Model has 9000 linear objective coefficients
Variable types: 0 continuous, 9010 integer (9010 binary)
Coefficient statistics:
  Matrix range     [1e+00, 1e+00]
  Objective range  [3e+00, 2e+05]
  Bounds range     [1e+00, 1e+00]
  RHS range        [1e+00, 5e+00]

Found heuristic solution: objective 429010.09041
Presolve time: 0.04s
Presolved: 1891 rows, 9010 columns, 28810 nonzeros
Variable types: 0 continuous, 9010 integer (9010 binary)

Root relaxation: objective 9.545959e+04, 475 iterations, 0.01 seconds (0.02 work units)

    Nodes    |    Current Node    |     Objective Bounds      |     Work
 Expl Unexpl |  Obj  Depth IntInf | Incumbent    BestBd   Gap | It/Node Time

*    0     0               0    95459.593924 95459.5939  0.00%     -    0s

Explored 1 nodes (475 simplex iterations) in 0.07 seconds (0.05 work units)
Thread count was 12 (of 12 available processors)

Solution count 2: 95459.6 429010 

Optimal solution found (tolerance 1.00e-04)
Best objective 9.545959392439e+04, best bound 9.545959392439e+04, gap 0.0000%

Gurobi 13.0.2 (win64) logging started Fri Aug 21 11:27:24 2026

Set parameter LogFile to value "Logs/gurobi.log"
Set parameter TimeLimit to value 2.9993131319998065e+02
Gurobi Optimizer version 13.0.2 build v13.0.2rc1 (win64 - Windows 11+.0 (26200.2))

CPU model: 12th Gen Intel(R) Core(TM) i7-1255U, instruction set [SSE2|AVX|AVX2]
Thread count: 10 physical cores, 12 logical processors, using up to 12 threads

Non-default parameters:
TimeLimit  2.9993131319998065e+02

Academic license 2537843 - for non-commercial use only - registered to la___@ufmg.br
Optimize a model with 1891 rows, 9010 columns and 28810 nonzeros (Min)
Model fingerprint: 0x1d8871b7
Model has 9000 linear objective coefficients
Variable types: 0 continuous, 9010 integer (9010 binary)
Coefficient statistics:
  Matrix range     [1e+00, 1e+00]
  Objective range  [3e+00, 2e+05]
  Bounds range     [1e+00, 1e+00]
  RHS range        [1e+00, 3e+00]

Found heuristic solution: objective 399549.56580
Presolve time: 0.03s
Presolved: 1891 rows, 9010 columns, 28810 nonzeros
Variable types: 0 continuous, 9010 integer (9010 binary)

Root relaxation: objective 1.173938e+05, 677 iterations, 0.01 seconds (0.01 work units)

    Nodes    |    Current Node    |     Objective Bounds      |     Work
 Expl Unexpl |  Obj  Depth IntInf | Incumbent    BestBd   Gap | It/Node Time

*    0     0               0    117393.78678 117393.787  0.00%     -    0s

Explored 1 nodes (677 simplex iterations) in 0.06 seconds (0.04 work units)
Thread count was 12 (of 12 available processors)

Solution count 2: 117394 399550 

Optimal solution found (tolerance 1.00e-04)
Best objective 1.173937867771e+05, best bound 1.173937867771e+05, gap 0.0000%

Gurobi 13.0.2 (win64) logging started Fri Aug 21 11:28:11 2026

Set parameter LogFile to value "Logs/gurobi.log"
Set parameter TimeLimit to value 2.9993082880001748e+02
Gurobi Optimizer version 13.0.2 build v13.0.2rc1 (win64 - Windows 11+.0 (26200.2))

CPU model: 12th Gen Intel(R) Core(TM) i7-1255U, instruction set [SSE2|AVX|AVX2]
Thread count: 10 physical cores, 12 logical processors, using up to 12 threads

Non-default parameters:
TimeLimit  2.9993082880001748e+02

Academic license 2537843 - for non-commercial use only - registered to la___@ufmg.br
Optimize a model with 1891 rows, 9010 columns and 28810 nonzeros (Min)
Model fingerprint: 0x15398968
Model has 9000 linear objective coefficients
Variable types: 0 continuous, 9010 integer (9010 binary)
Coefficient statistics:
  Matrix range     [1e+00, 1e+00]
  Objective range  [2e-01, 6e+05]
  Bounds range     [1e+00, 1e+00]
  RHS range        [1e+00, 3e+00]

Found heuristic solution: objective 1346429.0492
Presolve time: 0.03s
Presolved: 1891 rows, 9010 columns, 28810 nonzeros
Variable types: 0 continuous, 9010 integer (9010 binary)

Root relaxation: objective 1.801908e+05, 892 iterations, 0.01 seconds (0.01 work units)

    Nodes    |    Current Node    |     Objective Bounds      |     Work
 Expl Unexpl |  Obj  Depth IntInf | Incumbent    BestBd   Gap | It/Node Time

*    0     0               0    180190.80525 180190.805  0.00%     -    0s

Explored 1 nodes (892 simplex iterations) in 0.07 seconds (0.05 work units)
Thread count was 12 (of 12 available processors)

Solution count 2: 180191 1.34643e+06 

Optimal solution found (tolerance 1.00e-04)
Best objective 1.801908052459e+05, best bound 1.801908052459e+05, gap 0.0000%

Gurobi 13.0.2 (win64) logging started Fri Aug 21 13:23:32 2026

Set parameter LogFile to value "Logs/gurobi.log"
Set parameter TimeLimit to value 2.9989774050001870e+02
Gurobi Optimizer version 13.0.2 build v13.0.2rc1 (win64 - Windows 11+.0 (26200.2))

CPU model: 12th Gen Intel(R) Core(TM) i7-1255U, instruction set [SSE2|AVX|AVX2]
Thread count: 10 physical cores, 12 logical processors, using up to 12 threads

Non-default parameters:
TimeLimit  2.9989774050001870e+02

Academic license 2537843 - for non-commercial use only - registered to la___@ufmg.br
Optimize a model with 2531 rows, 13321 columns and 42361 nonzeros (Min)
Model fingerprint: 0x465385b3
Model has 13310 linear objective coefficients
Variable types: 0 continuous, 13321 integer (13321 binary)
Coefficient statistics:
  Matrix range     [1e+00, 1e+00]
  Objective range  [3e+00, 2e+05]
  Bounds range     [1e+00, 1e+00]
  RHS range        [1e+00, 5e+00]

Found heuristic solution: objective 343961.90676
Presolve time: 0.04s
Presolved: 2531 rows, 13321 columns, 42361 nonzeros
Variable types: 0 continuous, 13321 integer (13321 binary)

Root relaxation: objective 9.949223e+04, 800 iterations, 0.02 seconds (0.04 work units)

    Nodes    |    Current Node    |     Objective Bounds      |     Work
 Expl Unexpl |  Obj  Depth IntInf | Incumbent    BestBd   Gap | It/Node Time

*    0     0               0    99492.229874 99492.2299  0.00%     -    0s

Explored 1 nodes (800 simplex iterations) in 0.98 seconds (0.08 work units)
Thread count was 12 (of 12 available processors)

Solution count 2: 99492.2 343962 

Optimal solution found (tolerance 1.00e-04)
Best objective 9.949222987440e+04, best bound 9.949222987440e+04, gap 0.0000%

Gurobi 13.0.2 (win64) logging started Fri Aug 21 13:23:41 2026

Set parameter LogFile to value "Logs/gurobi.log"
Set parameter TimeLimit to value 2.9992596059999778e+02
Gurobi Optimizer version 13.0.2 build v13.0.2rc1 (win64 - Windows 11+.0 (26200.2))

CPU model: 12th Gen Intel(R) Core(TM) i7-1255U, instruction set [SSE2|AVX|AVX2]
Thread count: 10 physical cores, 12 logical processors, using up to 12 threads

Non-default parameters:
TimeLimit  2.9992596059999778e+02

Academic license 2537843 - for non-commercial use only - registered to la___@ufmg.br
Optimize a model with 2531 rows, 13321 columns and 42361 nonzeros (Min)
Model fingerprint: 0xc46d300f
Model has 13310 linear objective coefficients
Variable types: 0 continuous, 13321 integer (13321 binary)
Coefficient statistics:
  Matrix range     [1e+00, 1e+00]
  Objective range  [2e-01, 6e+05]
  Bounds range     [1e+00, 1e+00]
  RHS range        [1e+00, 5e+00]

Found heuristic solution: objective 1219388.1345
Presolve time: 0.05s
Presolved: 2531 rows, 13321 columns, 42361 nonzeros
Variable types: 0 continuous, 13321 integer (13321 binary)

Root relaxation: objective 7.285799e+04, 797 iterations, 0.02 seconds (0.03 work units)

    Nodes    |    Current Node    |     Objective Bounds      |     Work
 Expl Unexpl |  Obj  Depth IntInf | Incumbent    BestBd   Gap | It/Node Time

*    0     0               0    72857.988914 72857.9889  0.00%     -    0s

Explored 1 nodes (797 simplex iterations) in 0.11 seconds (0.09 work units)
Thread count was 12 (of 12 available processors)

Solution count 2: 72858 1.21939e+06 

Optimal solution found (tolerance 1.00e-04)
Best objective 7.285798891357e+04, best bound 7.285798891357e+04, gap 0.0000%

Gurobi 13.0.2 (win64) logging started Fri Aug 21 13:53:03 2026

Set parameter LogFile to value "Logs/gurobi.log"
Set parameter TimeLimit to value 2.9988808189998963e+02
Gurobi Optimizer version 13.0.2 build v13.0.2rc1 (win64 - Windows 11+.0 (26200.2))

CPU model: 12th Gen Intel(R) Core(TM) i7-1255U, instruction set [SSE2|AVX|AVX2]
Thread count: 10 physical cores, 12 logical processors, using up to 12 threads

Non-default parameters:
TimeLimit  2.9988808189998963e+02

Academic license 2537843 - for non-commercial use only - registered to la___@ufmg.br
Optimize a model with 2531 rows, 13321 columns and 42361 nonzeros (Min)
Model fingerprint: 0x465385b3
Model has 13310 linear objective coefficients
Variable types: 0 continuous, 13321 integer (13321 binary)
Coefficient statistics:
  Matrix range     [1e+00, 1e+00]
  Objective range  [3e+00, 2e+05]
  Bounds range     [1e+00, 1e+00]
  RHS range        [1e+00, 5e+00]

Found heuristic solution: objective 343961.90676
Presolve time: 0.04s
Presolved: 2531 rows, 13321 columns, 42361 nonzeros
Variable types: 0 continuous, 13321 integer (13321 binary)

Root relaxation: objective 9.949223e+04, 800 iterations, 0.02 seconds (0.04 work units)

    Nodes    |    Current Node    |     Objective Bounds      |     Work
 Expl Unexpl |  Obj  Depth IntInf | Incumbent    BestBd   Gap | It/Node Time

*    0     0               0    99492.229874 99492.2299  0.00%     -    0s

Explored 1 nodes (800 simplex iterations) in 0.98 seconds (0.08 work units)
Thread count was 12 (of 12 available processors)

Solution count 2: 99492.2 343962 

Optimal solution found (tolerance 1.00e-04)
Best objective 9.949222987440e+04, best bound 9.949222987440e+04, gap 0.0000%
